year,Seals_BM,Cormorant_BM,Gadus_morhua_BM,Juvenile_Sander_lucioperca_BM,Adult_Sander_lucioperca_BM,Esox_lucius_BM,Juvenile_Perca_fluviatilis_BM,Adult_Perca_fluviatilis_BM,Benthivorous_birds_BM,Benthivorous_fish_BM,Neogobius_melanostomus_BM,Clupea_harengus_BM,Sprattus_sprattus_BM,Rhithropanopeus_harrisii_BM,Gasterosteus_aculeatus_BM,Cyprinids_BM,Cercopagis_pengoi_BM,Mysids_BM,Predatory_benthos_BM,Invertebrate_grazers_BM,Mytilus_trossulus_BM,Benthic_bivalves_BM,Other_benthos_BM,Zooplankton_BM,Fucus_vesiculosus_BM,Filamentous_algae_BM,Phytoplankton_BM,Cyanobacteria_BM,Detritus_BM,climate_scen,fishing_scen,nutrients_scen,Seals_catch,Cormorant_catch,Gadus_morhua_catch,Juvenile_Sander_lucioperca_catch,Adult_Sander_lucioperca_catch,Esox_lucius_catch,Juvenile_Perca_fluviatilis_catch,Adult_Perca_fluviatilis_catch,Benthivorous_birds_catch,Benthivorous_fish_catch,Neogobius_melanostomus_catch,Clupea_harengus_catch,Sprattus_sprattus_catch,Rhithropanopeus_harrisii_catch,Gasterosteus_aculeatus_catch,Cyprinids_catch,Cercopagis_pengoi_catch,Mysids_catch,Predatory_benthos_catch,Invertebrate_grazers_catch,Mytilus_trossulus_catch,Benthic_bivalves_catch,Other_benthos_catch,Zooplankton_catch,Fucus_vesiculosus_catch,Filamentous_algae_catch,Phytoplankton_catch,Cyanobacteria_catch,Detritus_catch
2000,0.01696515,4.92E-06,4.05E-05,0.2743962,0.1192239,0.3863415,0.63429,0.8481385,0.005543362,1.539475,3.83E-05,4.408599,2.415718,6.81E-05,1.00406,12.82113,0.001085052,2.099249,2.02559,5.699579,11.21872,26.31436,6.871487,6.015156,3.791206,6.198776,8.223468,0.1083377,149.9814,RCP4.5,Dec,BSAP,2.46E-04,4.92E-08,3.58E-05,0.002775793,0.06447973,0.1087183,0.01085658,0.191784,0.001896982,0.03212283,1.59E-04,1.404253,0.416391,2.86E-04,0.06733108,0.1186285,0,0,0,0,0,0,0,0,0,0,0,0,0
2001,0.01811529,5.96E-06,4.05E-05,0.2714578,0.1192013,0.3864692,0.6445611,0.8252313,0.004848226,1.59914,3.95E-06,4.585755,2.202945,4.83E-05,0.9956982,12.93919,0.001379938,2.427676,2.102681,5.431743,11.5632,26.52037,7.32515,7.016884,4.410148,5.611457,8.83173,0.06750041,158.8141,RCP4.5,Dec,BSAP,3.24E-04,5.75E-08,3.58E-05,0.002685872,0.0630587,0.1076859,0.01135569,0.1920953,0.001659101,0.03284907,1.64E-05,1.976781,0.5147814,2.03E-04,0.08199841,0.1195078,0,0,0,0,0,0,0,0,0,0,0,0,0
2002,0.01900096,7.22E-06,4.22E-05,0.3068004,0.1223706,0.380068,0.7715793,0.8282124,0.004371719,1.89096,5.25E-07,5.397251,2.039491,3.58E-05,1.080363,13.55259,0.001905482,3.114097,2.374661,5.930092,13.00845,27.62733,8.470345,8.501142,4.262072,6.425369,9.729491,0.1221361,176.6755,RCP4.5,Dec,BSAP,3.88E-04,6.14E-08,3.45E-05,0.002814657,0.06004011,0.1042193,0.01334841,0.1893483,0.001496036,0.03662837,2.18E-06,2.462941,0.5049064,1.50E-04,0.09015048,0.12098,0,0,0,0,0,0,0,0,0,0,0,0,0
2003,0.01988132,8.80E-06,4.11E-05,0.3533443,0.1318868,0.3935555,0.8088878,0.9040771,0.004033515,2.286625,4.75E-08,5.563544,1.826179,1.66E-05,1.112625,14.36569,0.001545803,2.775185,2.283411,4.314311,13.13872,28.37213,7.50643,6.987616,5.7857,3.464772,8.617265,0.01934103,155.7198,RCP4.5,Dec,BSAP,4.77E-04,1.02E-07,4.02E-05,0.003840788,0.0766132,0.1078893,0.01411221,0.2083266,0.0013803,0.05036095,1.97E-07,2.080336,0.3695147,6.97E-05,0.08716171,0.1350693,0,0,0,0,0,0,0,0,0,0,0,0,0
2004,0.02080324,1.06E-05,3.93E-05,0.3733281,0.1429311,0.4382196,0.7102928,0.9694692,0.003670165,2.197109,9.66E-10,5.505399,2.095078,4.57E-06,1.020289,14.23757,0.001826681,2.763479,2.065964,5.93069,12.57218,27.86287,8.242599,8.310493,5.802478,7.823493,9.573788,0.2274515,177.4102,RCP4.5,Dec,BSAP,5.55E-04,1.05E-07,3.40E-05,0.003665313,0.07501518,0.1158812,0.01160822,0.2093011,0.001255959,0.04406034,3.81E-09,1.733464,0.3569649,1.92E-05,0.06770456,0.1257905,0,0,0,0,0,0,0,0,0,0,0,0,0
2005,0.02151717,1.29E-05,4.32E-05,0.3788684,0.153093,0.4140219,0.7986116,0.9837096,0.003431914,2.674783,4.76E-10,6.430243,3.24931,4.95E-06,1.181202,15.26648,0.00188851,3.247865,2.553844,7.332609,14.60852,29.41909,9.174706,8.18038,3.576557,7.383417,9.843856,0.2911235,183.4013,RCP4.5,Dec,BSAP,5.92E-04,1.13E-07,3.47E-05,0.003652573,0.07894057,0.12018,0.01343584,0.2186876,0.001174428,0.05302713,9.89E-10,1.355064,0.3699175,2.08E-05,0.05785469,0.1416128,0,0,0,0,0,0,0,0,0,0,0,0,0
2006,0.02307735,1.59E-05,4.64E-05,0.4357467,0.1839943,0.4382615,0.8678687,1.04016,0.003219163,2.932855,7.72E-10,5.5854,3.998536,3.47E-06,1.150913,16.05523,0.001296814,2.301201,2.18475,5.390488,13.89076,29.45028,7.929977,6.313921,3.813444,5.366919,8.867676,0.354365,164.4138,RCP4.5,Dec,BSAP,2.61E-04,1.44E-07,3.91E-05,0.004497233,0.1015844,0.1415865,0.01578798,0.2500543,0.001101623,0.06271321,8.01E-10,0.9742678,0.3761348,1.46E-05,0.05107443,0.16264,0,0,0,0,0,0,0,0,0,0,0,0,0
2007,0.02477713,1.92E-05,4.95E-05,0.4332865,0.1988922,0.4974549,0.672797,1.081071,0.002969248,2.433336,4.53E-09,4.875215,3.848148,2.89E-06,1.004168,15.59745,0.001274733,1.998552,1.941197,6.469418,12.76446,28.1982,8.105227,6.670266,2.075274,8.806663,8.927698,0.5492847,171.4478,RCP4.5,Dec,BSAP,4.48E-04,1.58E-07,3.77E-05,0.003918866,0.09621315,0.1347303,0.01076233,0.2285146,0.0010161,0.04510933,1.43E-12,1.15394,0.4926816,1.22E-05,0.05175246,0.1361103,0,0,0,0,0,0,0,0,0,0,0,0,0
2008,0.02576864,2.31E-05,6.00E-05,0.3741024,0.1846432,0.4795297,0.7238504,1.044815,0.002761154,2.34086,9.07E-08,4.759044,3.456988,4.83E-06,1.035659,15.63413,0.001039593,2.034448,2.13867,7.303999,12.92303,28.11715,7.70897,5.699678,0.5574855,8.435576,8.136784,0.5235217,158.816,RCP4.5,Dec,BSAP,7.91E-04,1.52E-07,3.73E-05,0.002714643,0.07166301,0.1043919,0.009587146,0.1828699,9.45E-04,0.03491919,2.52E-11,1.208301,0.4755444,1.93E-05,0.05222129,0.110547,0,0,0,0,0,0,0,0,0,0,0,0,0
2009,0.02623031,2.79E-05,7.16E-05,0.3810745,0.1782408,0.4726026,0.8126405,1.011488,0.002554889,2.211406,1.53E-06,4.670256,2.973909,2.25E-05,1.017563,15.48707,0.00137673,2.135649,2.007654,6.373085,12.5182,27.62321,7.871822,7.120582,0.2199962,7.543922,9.033959,0.3590417,168.1811,RCP4.5,Dec,BSAP,0.001303646,2.14E-07,5.00E-05,0.00296176,0.07406247,0.1007722,0.01116292,0.1835761,8.74E-04,0.03517402,4.94E-10,1.61577,0.55776,4.73E-05,0.06712109,0.1113418,0,0,0,0,0,0,0,0,0,0,0,0,0
2010,0.02658201,3.36E-05,8.22E-05,0.3761871,0.1712884,0.4775738,0.6692179,1.03155,0.002357646,1.968763,8.37E-06,4.305598,2.412586,2.01E-04,0.9383562,14.8934,7.84E-04,1.65313,1.81744,4.342088,11.19444,26.6845,6.221212,4.578875,0.2129479,5.157034,7.111945,0.2042651,133.2607,RCP4.5,Dec,BSAP,9.09E-04,2.67E-07,5.74E-05,0.002918764,0.07103801,0.09740589,0.008774408,0.1786696,8.07E-04,0.03103152,2.56E-09,1.333119,0.4046591,2.10E-04,0.05758336,0.1035283,0,0,0,0,0,0,0,0,0,0,0,0,0
2011,0.02717341,3.97E-05,8.89E-05,0.2977722,0.149545,0.498789,0.413452,0.9624968,0.002097968,1.212121,1.50E-05,3.408023,1.505745,0.002077631,0.7317903,12.66853,6.78E-04,1.284471,1.440009,4.042679,8.794776,24.20794,5.40006,5.055923,1.168249,6.294891,7.088237,0.1320445,130.8161,RCP4.5,Dec,BSAP,7.47E-04,3.03E-07,6.05E-05,0.00222811,0.05981421,0.09885377,0.005371158,0.1651883,7.18E-04,0.01853096,4.71E-09,1.186176,0.2841093,2.64E-07,0.04840726,0.08579043,0,0,0,0,0,0,0,0,0,0,0,0,0
2012,0.02740015,4.68E-05,1.04E-04,0.2297151,0.108304,0.4106126,0.5278823,0.7684479,0.001872664,0.9452817,1.11E-04,4.192352,1.424738,0.01042242,0.7945196,11.59653,0.001185078,2.121295,1.858722,5.756526,9.623945,24.16422,6.715048,6.561407,3.329377,6.877922,8.034719,0.2324721,149.9569,RCP4.5,Dec,BSAP,3.86E-04,3.22E-07,6.61E-05,0.001599517,0.04031717,0.07773747,0.006684402,0.1285691,6.41E-04,0.01342771,3.46E-08,1.568099,0.2890947,1.43E-06,0.05424098,0.07518401,0,0,0,0,0,0,0,0,0,0,0,0,0
2013,0.02789977,5.60E-05,1.26E-04,0.2670456,0.09687918,0.3654592,0.7094882,0.6799368,0.00171797,1.062963,6.15E-04,4.185826,1.439189,0.01526022,0.9224401,11.85775,9.00E-04,2.055163,2.061975,4.915172,10.45375,24.86088,6.054277,5.143178,5.859581,4.184968,7.107531,0.1870111,133.0336,RCP4.5,Dec,BSAP,3.88E-04,3.41E-07,7.80E-05,0.001833999,0.03559005,0.07713509,0.009699951,0.1228648,5.88E-04,0.01531337,2.00E-07,1.681267,0.3138181,2.25E-06,0.064983,0.08202747,0,0,0,0,0,0,0,0,0,0,0,0,0
2014,0.02839646,6.65E-05,1.54E-04,0.3194088,0.09844238,0.389097,0.7585161,0.7035754,0.001589073,1.309609,0.002268901,5.027415,1.711033,0.0211413,1.081646,12.50343,0.002347965,3.479283,2.477198,9.750458,13.03885,26.31664,9.670136,10.39821,2.777833,11.99182,10.72285,0.4403363,203.4208,RCP4.5,Dec,BSAP,4.46E-04,4.04E-07,1.00E-04,0.002313227,0.03814643,0.09074216,0.01160053,0.1422418,5.44E-04,0.02000788,8.36E-07,2.444446,0.4518924,3.77E-06,0.08915532,0.09504485,0,0,0,0,0,0,0,0,0,0,0,0,0
2015,0.02867725,8.06E-05,2.10E-04,0.3945973,0.1107276,0.3548979,0.9680212,0.8260517,0.001558934,2.652086,0.00364547,6.773668,2.630384,0.03208395,1.602068,15.65552,0.002288763,4.509717,3.615306,9.782253,18.08144,31.08898,10.35202,9.001912,0.2922958,7.853275,10.15108,0.2563011,192.2214,RCP4.5,Dec,BSAP,2.63E-04,3.92E-07,1.19E-04,0.002411694,0.03621747,0.07265022,0.01351037,0.1524263,5.33E-04,0.03473568,1.31E-06,3.590225,0.7577502,6.25E-06,0.1379214,0.1046809,0,0,0,0,0,0,0,0,0,0,0,0,0
2016,0.02974181,1.00E-04,2.88E-04,0.481011,0.1870708,0.433353,1.204914,1.08588,0.001504886,3.698646,0.002325093,6.338953,3.768849,0.02684684,1.510207,17.8723,0.002273126,3.359635,2.672284,6.67186,16.94941,32.34898,9.764242,9.436894,0.01467816,7.518611,10.99581,0.2504948,199.7324,RCP4.5,Dec,BSAP,2.46E-04,4.30E-07,1.42E-04,0.002552194,0.05311691,0.07621747,0.01446899,0.1723942,5.15E-04,0.0420003,7.19E-07,2.890472,0.9340038,4.50E-06,0.1121745,0.102934,0,0,0,0,0,0,0,0,0,0,0,0,0
2017,0.0310363,1.24E-04,4.64E-04,0.5226606,0.2765357,0.5476436,0.9625473,1.421937,0.00144272,3.791945,0.001398594,6.525668,5.23876,0.02114274,1.335893,18.50428,0.001865273,2.709544,2.30878,5.066499,15.65795,32.19865,9.399407,7.959105,0.00108432,6.365209,10.55613,0.1080764,188.3892,RCP4.5,Dec,BSAP,3.07E-04,2.92E-07,1.28E-04,0.001278225,0.04016049,0.05760356,0.005753558,0.1307948,4.94E-04,0.02803772,2.39E-07,1.655867,0.6883502,1.88E-06,0.002105091,0.0664001,0,0,0,0,0,0,0,0,0,0,0,0,0
2018,0.03258108,1.51E-04,8.24E-04,0.4938841,0.3021095,0.5926836,0.9144228,1.420738,0.001384356,3.537161,0.001970533,6.983463,7.39323,0.02159829,1.291359,18.24693,0.002475126,3.280666,2.628362,6.160543,16.72033,32.84527,11.43705,10.3303,3.53E-04,8.37241,13.11675,0.03369114,225.8591,RCP4.5,Dec,BSAP,3.24E-04,3.57E-07,2.28E-04,0.001207849,0.0438745,0.06234105,0.005465895,0.1306846,4.74E-04,0.02615383,3.37E-07,1.772032,0.9714383,1.92E-06,0.002034915,0.06547663,0,0,0,0,0,0,0,0,0,0,0,0,0
2019,0.03444067,1.88E-04,0.001502644,0.5675254,0.2736398,0.574154,1.096323,1.334777,0.001354794,4.08555,0.002327936,7.032439,8.781274,0.02531428,1.414231,19.37596,0.001789051,2.805743,2.885658,6.086595,18.31187,35.08065,10.85075,7.631563,4.05E-04,7.087642,11.63511,0.102209,204.3998,RCP4.5,Dec,BSAP,3.65E-04,4.44E-07,4.16E-04,0.001387947,0.03973992,0.06039203,0.006553189,0.1227775,4.64E-04,0.03020863,3.98E-07,1.784459,1.153821,2.25E-06,0.002228536,0.06952801,0,0,0,0,0,0,0,0,0,0,0,0,0
2020,0.03675841,2.31E-04,0.002611907,0.5612592,0.3164094,0.6498761,0.888959,1.404749,0.001304055,3.745123,0.00176518,5.995579,7.845827,0.0223254,1.284072,19.50505,0.001758742,2.316296,2.417778,5.154925,16.52747,34.3567,10.24195,8.103986,0.002362942,6.918478,11.79894,0.1040812,203.8704,RCP4.5,Dec,BSAP,3.90E-04,5.46E-07,7.23E-04,0.001372622,0.04595122,0.06835681,0.005313688,0.1292138,4.46E-04,0.0276915,3.02E-07,1.521359,1.030908,1.98E-06,0.002023432,0.06999123,0,0,0,0,0,0,0,0,0,0,0,0,0
2021,0.03877192,2.81E-04,0.004514026,0.5171463,0.3046326,0.6642901,0.7080925,1.447943,0.001244395,3.157512,0.001201327,5.06186,6.035223,0.01849139,1.133087,18.72033,9.67E-04,1.689014,2.150673,4.109883,14.19379,32.59494,8.106696,5.20551,0.04552293,5.661425,9.198428,0.1111509,162.5389,RCP4.5,Dec,BSAP,4.11E-04,6.63E-07,0.001249318,0.001264739,0.04424092,0.06987295,0.004232571,0.1331869,4.26E-04,0.02334671,2.05E-07,1.284431,0.7930021,1.64E-06,0.001785511,0.06717537,0,0,0,0,0,0,0,0,0,0,0,0,0
2022,0.04026816,3.35E-04,0.007443619,0.4011714,0.2656867,0.6397776,0.6271971,1.304174,0.001165278,2.228001,0.001167517,4.870922,4.652251,0.01676818,0.9915614,16.7134,0.001538032,2.047827,2.032221,5.320999,12.80039,30.33251,8.688237,7.80414,0.789334,8.072444,10.30353,0.1915594,183.3874,RCP4.5,Dec,BSAP,4.27E-04,7.89E-07,0.002060124,9.81E-04,0.03858492,0.06729461,0.003749026,0.1199625,3.99E-04,0.01647389,1.99E-07,1.235981,0.6112856,1.49E-06,0.001562496,0.05997376,0,0,0,0,0,0,0,0,0,0,0,0,0
2023,0.04104537,4.00E-04,0.01325569,0.4073898,0.1893374,0.5257303,1.026835,1.114914,0.001120569,2.472495,0.002582136,6.391686,6.051722,0.02423079,1.239469,17.15862,0.001948395,2.990278,2.777643,8.292577,15.79377,32.03799,10.46638,8.528396,1.013214,9.893626,11.19953,0.2575378,203.8522,RCP4.5,Dec,BSAP,4.35E-04,9.44E-07,0.003668693,9.96E-04,0.02749692,0.05529861,0.00613783,0.1025538,3.83E-04,0.01828168,4.41E-07,1.62187,0.7951701,2.15E-06,0.001953147,0.0615714,0,0,0,0,0,0,0,0,0,0,0,0,0
2024,0.04244126,4.89E-04,0.02316454,0.5427876,0.2019366,0.5446103,1.151971,1.166322,0.001086908,3.074432,0.002376831,5.920108,6.522675,0.02644092,1.387546,18.64207,0.001455163,2.316388,2.627549,7.102686,16.44971,33.27299,9.558366,6.833998,0.3648436,7.721431,10.20044,0.3555469,186.7832,RCP4.5,Dec,BSAP,4.50E-04,1.15E-06,0.006411104,0.001327448,0.02932668,0.05728449,0.006885823,0.1072825,3.72E-04,0.02273241,4.06E-07,1.502209,0.8570513,2.35E-06,0.002186485,0.06689455,0,0,0,0,0,0,0,0,0,0,0,0,0
2025,0.0440084,5.88E-04,0.03846513,0.4921806,0.2308061,0.6376303,0.7333967,1.307763,0.00103507,2.82571,0.001465361,5.119789,5.582811,0.02070867,1.206951,18.3802,0.001286299,1.86884,2.136298,4.739955,14.19121,31.72665,8.457397,6.619555,0.1336824,5.892579,9.821563,0.2603247,174.791,RCP4.5,Dec,BSAP,4.66E-04,1.39E-06,0.01064575,0.001203683,0.0335193,0.06706875,0.004383826,0.1202927,3.54E-04,0.02089335,2.50E-07,1.29913,0.733557,1.84E-06,0.001901906,0.06595487,0,0,0,0,0,0,0,0,0,0,0,0,0
2026,0.04505423,6.93E-04,0.0635334,0.4415316,0.2290111,0.61449,0.798059,1.292745,9.86E-04,2.557869,0.001592401,6.103066,6.112186,0.01917035,1.171406,17.53521,0.002119334,2.785712,2.428485,5.095115,14.99458,31.47638,10.27177,9.367384,0.08087761,7.338839,11.81298,0.3012263,208.0864,RCP4.5,Dec,BSAP,4.77E-04,1.63E-06,0.01758374,0.001079815,0.03325862,0.06463476,0.00477034,0.1189112,3.37E-04,0.01891293,2.72E-07,1.548634,0.8031147,1.70E-06,0.001845893,0.06292272,0,0,0,0,0,0,0,0,0,0,0,0,0
2027,0.04609407,8.17E-04,0.1066204,0.5050643,0.2267166,0.5520155,1.145712,1.192364,9.62E-04,3.091922,0.002225567,7.079936,7.693682,0.02330406,1.363141,18.45226,0.002055103,3.017583,2.911131,6.089646,17.75135,33.83122,11.01173,8.629399,0.1791459,7.748998,11.75562,0.3007628,210.3573,RCP4.5,Dec,BSAP,4.88E-04,1.93E-06,0.02950867,0.001235191,0.0329254,0.05806341,0.006848411,0.1096779,3.29E-04,0.02286173,3.80E-07,1.796511,1.010916,2.07E-06,0.002148028,0.06621344,0,0,0,0,0,0,0,0,0,0,0,0,0
2028,0.04770382,9.77E-04,0.1649222,0.574975,0.2571401,0.6051022,1.039947,1.327856,9.35E-04,3.425933,0.002040607,6.424433,7.885189,0.02371413,1.377351,19.45696,0.001800294,2.500746,2.651893,5.820273,17.44471,34.61757,10.4609,8.02738,0.8405009,7.25865,11.52771,0.2561877,204.3082,RCP4.5,Dec,BSAP,5.05E-04,2.30E-06,0.04564449,0.001406165,0.03734371,0.0636473,0.006216206,0.1221409,3.20E-04,0.02533141,3.49E-07,1.630179,1.03608,2.11E-06,0.002170421,0.06981868,0,0,0,0,0,0,0,0,0,0,0,0,0
2029,0.04907405,0.001136891,0.223923,0.5295861,0.2680861,0.6304036,1.056291,1.435468,9.10E-04,3.652039,0.002505969,7.094191,8.767451,0.02549042,1.421292,20.17365,0.002466877,3.192192,2.893309,7.021635,18.52982,35.69454,12.10827,10.27235,0.7308791,8.863955,13.36105,0.247459,234.4161,RCP4.5,Dec,BSAP,5.20E-04,2.68E-06,0.06197376,0.001295162,0.03893337,0.06630863,0.006313903,0.1320395,3.11E-04,0.02700324,4.28E-07,1.800128,1.152005,2.27E-06,0.002239663,0.07239042,0,0,0,0,0,0,0,0,0,0,0,0,0
2030,0.05057136,0.001295296,0.2845354,0.6154323,0.2876275,0.6189879,1.287254,1.455436,8.97E-04,4.391985,0.00265741,7.600042,9.944674,0.02815349,1.55903,21.75785,0.002180851,3.042466,3.064183,6.748347,20.022,37.8312,12.02875,8.956563,0.179462,7.782501,12.72793,0.2806617,225.8739,RCP4.5,Dec,BSAP,5.36E-04,3.05E-06,0.07874908,0.001505108,0.0417713,0.06510785,0.00769447,0.1338762,3.07E-04,0.03247442,4.54E-07,1.928487,1.306687,2.50E-06,0.002456709,0.0780751,0,0,0,0,0,0,0,0,0,0,0,0,0
2031,0.05258276,0.001502771,0.3321955,0.6326084,0.3275478,0.6997073,1.01038,1.597234,8.73E-04,4.299104,0.002116237,6.51549,8.61034,0.02534833,1.435904,22.21147,0.001737365,2.330583,2.563898,6.026108,17.91359,37.04336,10.64758,7.77771,0.03859348,7.976002,11.5802,0.2709247,207.0374,RCP4.5,Dec,BSAP,5.57E-04,3.54E-06,0.09193966,0.001547114,0.04756882,0.07359827,0.006039476,0.1469193,2.99E-04,0.03178766,3.61E-07,1.653285,1.131361,2.25E-06,0.002262688,0.07970287,0,0,0,0,0,0,0,0,0,0,0,0,0
2032,0.05418878,0.001673702,0.347143,0.5395474,0.3250396,0.7221754,0.8711541,1.646017,8.40E-04,3.652657,0.001717363,6.077791,7.297005,0.02196929,1.278453,21.27827,0.001680761,2.241743,2.344386,4.95663,15.90728,35.08076,9.845143,7.747516,0.01488808,6.461748,11.17003,0.2140291,196.6909,RCP4.5,Dec,BSAP,5.74E-04,3.95E-06,0.09607659,0.001319523,0.04720456,0.07596157,0.005207261,0.1514065,2.87E-04,0.02700782,2.93E-07,1.54222,0.9587948,1.95E-06,0.002014578,0.07635418,0,0,0,0,0,0,0,0,0,0,0,0,0
2033,0.05537693,0.001782403,0.3448515,0.5027381,0.2957344,0.67722,0.8889971,1.5111,8.07E-04,3.137462,0.001531144,6.391597,7.293751,0.0194551,1.213841,19.9491,0.001939102,2.480342,2.391419,4.220673,15.58554,34.03219,10.17684,8.582538,0.0852901,6.08041,11.8342,0.04388237,203.0805,RCP4.5,Dec,BSAP,5.87E-04,4.20E-06,0.09544238,0.001229502,0.04294865,0.07123298,0.005313916,0.1389964,2.76E-04,0.02319845,2.62E-07,1.621848,0.9583672,1.73E-06,0.001912762,0.07158466,0,0,0,0,0,0,0,0,0,0,0,0,0
2034,0.05655516,0.001869471,0.3456855,0.5146129,0.2658958,0.6426508,0.8956777,1.405528,7.78E-04,2.956853,0.001553657,6.237447,7.160788,0.01929392,1.211684,19.23121,0.001604075,2.289051,2.44836,4.694561,15.58564,33.75456,9.69889,7.321304,1.294155,6.912687,10.81093,0.1666639,191.2822,RCP4.5,Dec,BSAP,5.99E-04,4.41E-06,0.0956732,0.001258543,0.03861526,0.06759683,0.005353849,0.1292855,2.66E-04,0.02186303,2.65E-07,1.582732,0.9408963,1.71E-06,0.001909364,0.06900861,0,0,0,0,0,0,0,0,0,0,0,0,0
2035,0.05766664,0.001946964,0.3416639,0.4672865,0.2476014,0.6346712,0.8898144,1.342692,7.47E-04,2.756714,0.001756821,5.994302,6.681079,0.02044906,1.20503,18.73959,0.001763725,2.378271,2.444931,5.656935,15.47445,33.33301,9.905768,8.105495,3.482837,7.080631,11.21923,0.1615552,197.7834,RCP4.5,Dec,BSAP,6.11E-04,4.59E-06,0.09456015,0.001142801,0.03595843,0.0667575,0.005318802,0.1235056,2.56E-04,0.02038319,3.00E-07,1.521035,0.8778647,1.82E-06,0.001898879,0.06724447,0,0,0,0,0,0,0,0,0,0,0,0,0
2036,0.05847267,0.001998787,0.3387232,0.5005838,0.2311533,0.5977476,1.10657,1.288738,7.25E-04,2.987867,0.002205367,6.812047,7.639598,0.02324241,1.329577,19.19531,0.002187407,2.911402,2.748214,6.274836,16.99647,34.39173,11.06456,9.319942,3.341987,7.221078,12.4099,0.08799244,215.8878,RCP4.5,Dec,BSAP,6.20E-04,4.71E-06,0.0937463,0.001224233,0.03356973,0.06287372,0.006614443,0.1185427,2.48E-04,0.02209234,3.77E-07,1.728535,1.00381,2.07E-06,0.002095139,0.06887976,0,0,0,0,0,0,0,0,0,0,0,0,0
2037,0.05964858,0.002071609,0.350201,0.5645646,0.2403859,0.6190647,1.047962,1.352269,7.05E-04,3.302341,0.001992739,6.381634,7.587368,0.02349517,1.368296,19.92594,0.001554322,2.300288,2.607157,5.746229,16.78181,34.95968,9.887553,7.026964,2.553168,6.748753,10.81303,0.07562654,191.1658,RCP4.5,Dec,BSAP,6.32E-04,4.89E-06,0.09692291,0.001380706,0.03491055,0.06511595,0.006264115,0.1243866,2.41E-04,0.02441757,3.40E-07,1.619319,0.9969473,2.09E-06,0.002156151,0.07150152,0,0,0,0,0,0,0,0,0,0,0,0,0
2038,0.06073091,0.002146656,0.3513981,0.5170339,0.2476944,0.6602257,0.9405544,1.39255,6.81E-04,3.302112,0.002081474,6.968916,8.16479,0.02266489,1.360055,19.95341,0.00275535,3.306393,2.761662,5.496933,17.44626,35.11908,12.07597,11.39751,2.239142,6.691588,14.13102,0.04405046,239.0329,RCP4.5,Dec,BSAP,6.44E-04,5.06E-06,0.09725425,0.001264464,0.03597194,0.06944544,0.005622096,0.1280917,2.33E-04,0.02441588,3.56E-07,1.76834,1.072818,2.01E-06,0.002143166,0.07160009,0,0,0,0,0,0,0,0,0,0,0,0,0
2039,0.06172511,0.002193533,0.370723,0.6180092,0.2555544,0.6221112,1.222083,1.428717,6.74E-04,4.208622,0.002417981,8.085773,10.27245,0.02557229,1.557898,21.50996,0.002280658,3.254579,3.177377,5.773834,19.94818,37.79279,12.1614,9.055759,2.048204,7.0337,12.95089,0.09781788,226.6098,RCP4.5,Dec,BSAP,6.54E-04,5.17E-06,0.1026027,0.00151141,0.03711342,0.06543637,0.007304912,0.1314185,2.31E-04,0.03111863,4.13E-07,2.051739,1.349756,2.27E-06,0.002454925,0.07718557,0,0,0,0,0,0,0,0,0,0,0,0,0
2040,0.06356555,0.002309848,0.3943555,0.6447643,0.3111332,0.7127156,0.9884596,1.526335,6.56E-04,4.200894,0.001930341,6.662651,9.24504,0.02350923,1.430216,21.96155,0.001863881,2.390657,2.58112,5.19313,17.85055,37.08887,10.86527,8.224516,2.48401,6.609636,12.32074,0.01239042,212.0692,RCP4.5,Dec,BSAP,6.74E-04,5.45E-06,0.1091433,0.001576843,0.04518497,0.07496655,0.005908445,0.1403977,2.24E-04,0.03106149,3.30E-07,1.690627,1.214758,2.09E-06,0.002253725,0.07880604,0,0,0,0,0,0,0,0,0,0,0,0,0
2041,0.06495183,0.002400265,0.3940422,0.5713373,0.3201272,0.7408433,0.8328164,1.598324,6.33E-04,3.664737,0.001472223,6.415348,8.496012,0.0193566,1.285617,21.09373,0.001834617,2.346915,2.407727,3.145008,16.10733,35.40836,10.1724,8.189765,5.723543,2.780564,12.05906,1.42E-05,202.4371,RCP4.5,Dec,BSAP,6.88E-04,5.66E-06,0.1090566,0.001397269,0.04649115,0.07792515,0.0049781,0.1470196,2.16E-04,0.02709713,2.51E-07,1.627874,1.116339,1.72E-06,0.002025867,0.07569199,0,0,0,0,0,0,0,0,0,0,0,0,0
2042,0.06611284,0.002464449,0.3853617,0.5112602,0.3040881,0.7093964,0.7721219,1.495922,6.08E-04,3.101724,0.001236078,6.312313,7.943001,0.01601224,1.186026,19.41394,0.001763282,2.265388,2.359116,2.866021,15.42907,34.14951,9.974818,7.945683,10.32055,3.786354,11.64695,3.48E-09,198.3489,RCP4.5,Dec,BSAP,7.01E-04,5.81E-06,0.1066541,0.001250344,0.04416184,0.07461742,0.004615303,0.1376002,2.08E-04,0.02293421,2.11E-07,1.601729,1.043676,1.42E-06,0.001868931,0.06966429,0,0,0,0,0,0,0,0,0,0,0,0,0
2043,0.06694835,0.002492363,0.3756511,0.5026014,0.2634818,0.6479045,0.9782443,1.317669,5.90E-04,3.048561,0.00170615,7.210607,8.732741,0.0179709,1.271252,18.95008,0.002578221,3.170088,2.799043,3.939505,17.32874,34.96804,11.87613,10.64428,12.27198,3.803664,13.76378,8.51E-13,231.475,RCP4.5,Dec,BSAP,7.09E-04,5.88E-06,0.1039666,0.001229168,0.03826469,0.06814944,0.005847385,0.1212038,2.02E-04,0.02254112,2.91E-07,1.829669,1.147444,1.60E-06,0.00200323,0.06799977,0,0,0,0,0,0,0,0,0,0,0,0,0
2044,0.06790276,0.002517596,0.3874856,0.613117,0.2445118,0.6203138,1.182508,1.309389,5.82E-04,3.739862,0.001943707,7.942585,10.22197,0.02084705,1.463382,20.19544,0.002362551,3.136247,3.093004,3.801219,19.33346,37.39989,12.03147,9.484365,14.93749,2.23061,13.33222,2.08E-16,226.3266,RCP4.5,Dec,BSAP,7.20E-04,5.94E-06,0.107242,0.001499446,0.03550974,0.06524732,0.007068353,0.1204423,1.99E-04,0.02765261,3.32E-07,2.015405,1.343123,1.85E-06,0.002305987,0.0724686,0,0,0,0,0,0,0,0,0,0,0,0,0
2045,0.06944874,0.002594271,0.4060888,0.6323157,0.2769841,0.7016222,0.9584329,1.422204,5.66E-04,3.907276,0.001660379,7.08375,9.402535,0.01957101,1.407522,20.73153,0.002065502,2.624032,2.70821,3.811065,17.59151,37.33065,11.18181,8.781767,15.69746,3.043453,12.67052,5.50E-20,216.8893,RCP4.5,Dec,BSAP,7.36E-04,6.12E-06,0.1123907,0.001546399,0.04022559,0.0737997,0.005728964,0.1308194,1.94E-04,0.02889048,2.84E-07,1.797479,1.235452,1.74E-06,0.002217964,0.07439231,0,0,0,0,0,0,0,0,0,0,0,0,0
2046,0.07079651,0.002658886,0.408275,0.5782469,0.2946125,0.729215,0.8306649,1.502066,5.44E-04,3.523185,0.001365826,6.305331,7.494023,0.01758687,1.270269,20.13476,0.001631539,2.219482,2.393271,3.374772,15.0519,35.68073,9.679751,7.407941,16.49171,1.66552,11.08671,1.00E-20,191.4057,RCP4.5,Dec,BSAP,7.50E-04,6.27E-06,0.1129957,0.001414167,0.04278572,0.07670204,0.00496524,0.1381654,1.86E-04,0.0260505,2.33E-07,1.599957,0.9846819,1.56E-06,0.002001682,0.07225084,0,0,0,0,0,0,0,0,0,0,0,0,0
2047,0.07173424,0.002699653,0.3882457,0.4782826,0.2878014,0.7044452,0.676742,1.412932,5.15E-04,2.691788,9.64E-04,5.663203,5.550457,0.0141225,1.095678,18.16706,0.001486957,2.003475,2.101813,2.922612,12.52695,33.07805,8.620161,7.146122,19.45599,1.178586,10.20337,1.00E-20,177.1889,RCP4.5,Dec,BSAP,7.60E-04,6.37E-06,0.1074523,0.001169694,0.04179656,0.07409663,0.004045176,0.1299665,1.76E-04,0.01990313,1.65E-07,1.43702,0.7293059,1.26E-06,0.001726562,0.06519005,0,0,0,0,0,0,0,0,0,0,0,0,0
2048,0.07205366,0.002687325,0.358882,0.4346133,0.2360968,0.6213142,0.781386,1.246012,4.86E-04,2.265952,0.001154153,6.380165,5.264219,0.01382733,1.104389,16.66609,0.002146965,2.773992,2.371738,3.255011,12.53442,32.34629,9.825677,9.342595,20.17507,1.386154,11.59987,1.00E-20,199.6717,RCP4.5,Dec,BSAP,7.64E-04,6.34E-06,0.09932551,0.001062895,0.03428766,0.06535255,0.004670678,0.1146126,1.66E-04,0.01675449,1.97E-07,1.618946,0.6916954,1.23E-06,0.001740288,0.05980399,0,0,0,0,0,0,0,0,0,0,0,0,0
2049,0.07225314,0.002654499,0.3478271,0.4884306,0.2022531,0.5558062,1.034746,1.138247,4.67E-04,2.543232,0.00124108,7.256364,6.063198,0.01544564,1.271776,16.77451,0.002192994,3.077418,2.771186,3.831987,14.30968,33.89814,10.4443,9.06134,19.63414,1.787266,11.61292,1.00E-20,202.6233,RCP4.5,Dec,BSAP,7.66E-04,6.26E-06,0.09626591,0.001194511,0.02937264,0.05846213,0.006185122,0.1047,1.60E-04,0.0188047,2.12E-07,1.841279,0.7966778,1.37E-06,0.002004056,0.06019304,0,0,0,0,0,0,0,0,0,0,0,0,0
2050,0.07273201,0.002645887,0.3504515,0.548573,0.2164747,0.5746524,1.125344,1.18678,4.51E-04,2.988497,0.00195365,7.570738,7.003202,0.01935194,1.402495,17.65712,0.002578706,3.394747,2.931791,5.608293,15.92069,35.57486,11.64354,10.43934,15.88334,4.805851,12.92336,1.00E-20,225.4359,RCP4.5,Dec,BSAP,7.71E-04,6.24E-06,0.09699225,0.001341596,0.031438,0.06044446,0.006726665,0.1091643,1.54E-04,0.022097,3.34E-07,1.921051,0.9201903,1.72E-06,0.002210042,0.06336018,0,0,0,0,0,0,0,0,0,0,0,0,0
2051,0.07323099,0.002636755,0.3660464,0.6020645,0.2378504,0.5812478,1.319634,1.36415,4.44E-04,3.957777,0.002566606,8.753842,8.938659,0.02481224,1.634024,19.59958,0.003087381,4.051734,3.38393,5.688294,19.10242,38.72135,13.24551,11.83722,12.45984,3.792639,14.49322,1.00E-20,248.3034,RCP4.5,Dec,BSAP,7.76E-04,6.22E-06,0.1013084,0.001472416,0.03454231,0.06113819,0.007888017,0.1254793,1.52E-04,0.02926388,4.38E-07,2.221259,1.174501,2.20E-06,0.002574885,0.07033042,0,0,0,0,0,0,0,0,0,0,0,0,0
2052,0.07436721,0.002676049,0.3967657,0.6897022,0.3012746,0.636935,1.25674,1.515682,4.38E-04,4.735861,0.002054051,8.287399,9.636585,0.02352007,1.647949,21.18423,0.002324692,3.122744,3.053298,4.09177,19.56464,40.2951,11.85775,9.193851,12.53315,2.57019,12.86336,1.00E-20,221.611,RCP4.5,Dec,BSAP,7.88E-04,6.31E-06,0.1098103,0.001686744,0.04375324,0.06699561,0.00751207,0.1394178,1.50E-04,0.03501705,3.51E-07,2.102901,1.266205,2.09E-06,0.002596827,0.07601676,0,0,0,0,0,0,0,0,0,0,0,0,0
2053,0.07595257,0.002760566,0.4109477,0.6145875,0.3499659,0.7333562,0.7277458,1.63347,4.22E-04,3.90461,0.001245163,5.919345,6.58542,0.01791536,1.299373,20.39691,0.001283364,1.902564,2.246701,3.513918,15.22992,37.02625,8.780422,6.190463,13.0803,3.215482,9.916411,1.00E-20,174.4921,RCP4.5,Dec,BSAP,8.05E-04,6.51E-06,0.1137354,0.001503043,0.05082454,0.07713763,0.004350048,0.1502524,1.44E-04,0.02887076,2.13E-07,1.502015,0.8652954,1.59E-06,0.002047544,0.07319153,0,0,0,0,0,0,0,0,0,0,0,0,0
2054,0.07657713,0.002783444,0.3796135,0.4167004,0.304154,0.6979935,0.6206828,1.494738,3.98E-04,2.5513,9.21E-04,5.358852,4.522897,0.01406019,1.041766,17.8371,0.001568239,2.050625,1.992191,3.186407,12.27772,33.09491,8.288411,7.666002,15.50653,1.816557,10.20518,1.00E-20,175.7009,RCP4.5,Dec,BSAP,8.11E-04,6.56E-06,0.1050632,0.001019088,0.0441714,0.07341801,0.003710086,0.1374914,1.36E-04,0.01886436,1.57E-07,1.359792,0.5942891,1.25E-06,0.001641607,0.06400601,0,0,0,0,0,0,0,0,0,0,0,0,0
2055,0.07653637,0.002746719,0.3452807,0.4036899,0.2149533,0.5779354,0.8048753,1.204532,3.76E-04,2.09549,0.001101008,6.036341,4.542103,0.01397518,1.058929,16.29768,0.001684757,2.396058,2.241855,3.694172,12.45797,32.1782,8.757895,7.682067,17.05502,2.717773,10.15951,1.00E-20,178.3785,RCP4.5,Dec,BSAP,8.11E-04,6.48E-06,0.09556115,9.87E-04,0.03121704,0.06078978,0.004811084,0.1107971,1.29E-04,0.01549409,1.88E-07,1.531702,0.5968126,1.24E-06,0.001668653,0.05848203,0,0,0,0,0,0,0,0,0,0,0,0,0
2056,0.07658802,0.002710318,0.3262666,0.4343347,0.1886966,0.5482277,0.8518392,1.08483,3.57E-04,1.987664,0.001291712,5.977301,4.511779,0.01553013,1.118479,15.85661,0.001661854,2.42713,2.353661,4.397712,12.59031,32.01579,8.774497,7.642153,15.74764,3.065971,10.13212,1.00E-20,178.4579,RCP4.5,Dec,BSAP,8.12E-04,6.39E-06,0.09029876,0.001062214,0.02740387,0.05766499,0.005091807,0.09978657,1.22E-04,0.01469683,2.21E-07,1.516721,0.5928282,1.38E-06,0.001762492,0.05689929,0,0,0,0,0,0,0,0,0,0,0,0,0
2057,0.07661235,0.002672517,0.3141757,0.4382354,0.181053,0.5449578,0.831378,1.111152,3.39E-04,1.994487,0.001292811,6.03332,4.58584,0.01587894,1.163121,15.72253,0.001734116,2.526468,2.412421,4.028689,12.67443,32.00608,8.845727,7.890244,16.07534,2.041258,10.34435,1.00E-20,180.2894,RCP4.5,Dec,BSAP,8.12E-04,6.30E-06,0.08695244,0.001071754,0.0262938,0.05732106,0.004969502,0.1022077,1.16E-04,0.01474727,2.21E-07,1.530936,0.6025595,1.41E-06,0.001832839,0.05641815,0,0,0,0,0,0,0,0,0,0,0,0,0
2058,0.07649238,0.002626805,0.310237,0.4516684,0.187161,0.5286366,1.015442,1.098173,3.26E-04,2.312595,0.00167854,7.489787,5.86895,0.01719908,1.321741,16.03207,0.002893238,3.757065,2.941018,3.919837,15.40117,33.84227,11.5683,11.60954,16.23975,2.184679,13.37719,1.00E-20,226.9581,RCP4.5,Dec,BSAP,8.11E-04,6.20E-06,0.08586234,0.001104606,0.02718086,0.05560432,0.006069731,0.1010138,1.12E-04,0.01709937,2.87E-07,1.900509,0.7711546,1.53E-06,0.002082791,0.05752892,0,0,0,0,0,0,0,0,0,0,0,0,0
2059,0.07690571,0.002602626,0.3346666,0.5579306,0.2094149,0.5369795,1.063684,1.190637,3.19E-04,3.066807,0.001677704,7.199664,6.368012,0.01884252,1.445683,17.31451,0.001657517,2.816327,2.975067,3.741025,16.50575,36.06068,9.672633,6.873037,16.51693,1.838979,10.14571,1.00E-20,180.7302,RCP4.5,Dec,BSAP,8.15E-04,6.14E-06,0.09262358,0.001364482,0.03041272,0.05648185,0.006358093,0.109519,1.09E-04,0.02267603,2.87E-07,1.826892,0.8367291,1.67E-06,0.002278097,0.06213078,0,0,0,0,0,0,0,0,0,0,0,0,0
2060,0.0776701,0.002627752,0.3362422,0.4621501,0.2397492,0.6178134,0.6526794,1.267387,3.03E-04,2.529704,9.70E-04,5.305876,4.607804,0.01461197,1.139437,16.48814,0.00143754,1.990537,2.119357,3.377007,12.66498,33.47626,8.148486,7.18268,18.40123,1.620421,9.909871,1.00E-20,172.0341,RCP4.5,Dec,BSAP,8.23E-04,6.20E-06,0.09305961,0.00113024,0.03481808,0.06498433,0.003901344,0.1165788,1.04E-04,0.01870468,1.66E-07,1.346349,0.6054454,1.30E-06,0.001795517,0.05916546,0,0,0,0,0,0,0,0,0,0,0,0,0
2061,0.07748047,0.00259082,0.3188715,0.3981368,0.2091811,0.5524792,0.784995,1.154123,2.87E-04,2.312799,0.001386306,6.805861,5.218027,0.01524132,1.181809,15.83949,0.002497336,3.33724,2.636391,3.745354,13.41326,33.56861,10.54518,10.4428,18.56406,1.670716,12.35383,1.00E-20,211.2645,RCP4.5,Dec,BSAP,8.21E-04,6.11E-06,0.08825206,9.74E-04,0.03037877,0.05811219,0.00469225,0.1061604,9.83E-05,0.01710088,2.37E-07,1.726965,0.685626,1.35E-06,0.001862287,0.05683788,0,0,0,0,0,0,0,0,0,0,0,0,0
2062,0.07745456,0.002549191,0.3295186,0.5163017,0.2022199,0.5089242,1.185436,1.076312,2.79E-04,3.020759,0.001854748,8.150231,7.108928,0.01871152,1.434257,16.92559,0.002582023,3.681639,3.180646,3.973365,15.87643,36.43919,11.63978,10.13673,18.15435,1.773454,12.6859,1.00E-20,220.2234,RCP4.5,Dec,BSAP,8.21E-04,6.01E-06,0.09119878,0.001262674,0.0293678,0.05353088,0.007085858,0.09900298,9.56E-05,0.02233555,3.17E-07,2.068095,0.9340821,1.66E-06,0.002260093,0.06073518,0,0,0,0,0,0,0,0,0,0,0,0,0
2063,0.0781822,0.002572276,0.3520876,0.6064563,0.2468302,0.5891289,1.014182,1.259483,2.69E-04,3.407566,0.001487991,7.190553,7.678069,0.01791491,1.420252,17.83325,0.001998031,2.741899,2.749762,3.20447,14.5235,37.09064,10.53659,8.405147,20.171,0.4091549,11.7523,1.00E-20,203.8019,RCP4.5,Dec,BSAP,8.28E-04,6.07E-06,0.09744506,0.001483157,0.03584643,0.06196715,0.0060622,0.1158517,9.22E-05,0.0251956,2.54E-07,1.82458,1.008865,1.59E-06,0.002238023,0.0639922,0,0,0,0,0,0,0,0,0,0,0,0,0
2064,0.07876846,0.002596083,0.3600014,0.5181139,0.2640727,0.6341458,0.8924471,1.34459,2.57E-04,3.34314,0.001524626,7.531849,8.497008,0.0166148,1.37924,17.62552,0.002740385,3.410433,2.887381,2.854897,13.43096,37.34978,12.20389,11.10461,22.59456,0.31715,13.9758,1.00E-20,237.6202,RCP4.5,Dec,BSAP,8.35E-04,6.12E-06,0.09963533,0.001267105,0.03835051,0.06670223,0.005334537,0.1236802,8.79E-05,0.02471925,2.60E-07,1.911183,1.11647,1.48E-06,0.002173397,0.06324678,0,0,0,0,0,0,0,0,0,0,0,0,0
2065,0.07940098,0.002604034,0.3794632,0.5930484,0.2725026,0.602077,1.097003,1.30201,2.47E-04,3.857286,0.001672447,7.979688,9.815642,0.01811009,1.487372,18.13182,0.002262261,3.174297,3.122574,3.277736,13.60338,39.34777,12.0851,9.071699,22.36543,0.774662,12.88743,1.00E-20,225.1603,RCP4.5,Dec,BSAP,8.41E-04,6.14E-06,0.1050216,0.001450366,0.03957477,0.0633291,0.006557256,0.1197635,8.45E-05,0.02852084,2.86E-07,2.024821,1.289733,1.61E-06,0.002343791,0.0650636,0,0,0,0,0,0,0,0,0,0,0,0,0
2066,0.08047477,0.002656187,0.3956541,0.5790758,0.2988204,0.6547266,0.9675236,1.327582,2.34E-04,3.716009,0.001497575,7.189005,9.45779,0.01729303,1.408538,18.11027,0.002238753,2.835007,2.814911,3.468334,11.77631,39.14538,11.85041,9.421493,22.44099,0.8849104,13.16025,1.00E-20,227.9261,RCP4.5,Dec,BSAP,8.53E-04,6.26E-06,0.1095027,0.001416194,0.04339682,0.06886702,0.005783303,0.1221158,8.01E-05,0.02747624,2.56E-07,1.824187,1.242712,1.54E-06,0.002219565,0.06498625,0,0,0,0,0,0,0,0,0,0,0,0,0
2067,0.08137361,0.002690729,0.4024372,0.5674417,0.2918026,0.6587717,0.893775,1.381922,2.20E-04,3.468598,0.001322506,6.675951,8.523544,0.01631418,1.338727,17.69711,0.001728001,2.459228,2.688745,3.365622,9.978688,38.44062,10.6734,7.620146,22.15421,0.5919206,11.58636,1.00E-20,204.298,RCP4.5,Dec,BSAP,8.62E-04,6.35E-06,0.11138,0.001387742,0.04237764,0.06929249,0.005342476,0.1271141,7.52E-05,0.02564688,2.26E-07,1.694001,1.119957,1.45E-06,0.002109557,0.06350368,0,0,0,0,0,0,0,0,0,0,0,0,0
2068,0.08203226,0.002715667,0.3928448,0.4744263,0.2759687,0.6468523,0.8318419,1.288261,2.02E-04,2.90634,0.00116409,6.446409,7.493211,0.01440249,1.242109,16.42113,0.002037236,2.614007,2.580187,3.078612,7.980589,37.12133,10.82003,8.957059,23.30493,0.1568144,12.17995,1.00E-20,212.6147,RCP4.5,Dec,BSAP,8.69E-04,6.40E-06,0.1087252,0.001160263,0.04007813,0.06803875,0.004972274,0.1184988,6.91E-05,0.02148954,1.99E-07,1.635755,0.9845753,1.28E-06,0.001957307,0.05892499,0,0,0,0,0,0,0,0,0,0,0,0,0
2069,0.08226532,0.002701472,0.3839201,0.5053011,0.2368764,0.5871288,1.009564,1.195814,1.84E-04,2.994841,0.001396997,7.432964,8.441928,0.0150305,1.344953,15.86874,0.002428296,3.229015,2.982942,3.130933,7.4147,38.12946,12.04998,9.95739,24.36482,0.01539523,13.11972,1.00E-20,229.9564,RCP4.5,Dec,BSAP,8.72E-04,6.37E-06,0.1062551,0.00123577,0.03440088,0.06175678,0.006034594,0.1099952,6.31E-05,0.02214392,2.39E-07,1.886091,1.109233,1.34E-06,0.002119368,0.05694282,0,0,0,0,0,0,0,0,0,0,0,0,0
2070,0.08274517,0.002699913,0.3914311,0.5612223,0.2345136,0.5834665,1.136606,1.199718,1.70E-04,3.41789,0.001514344,7.858675,9.57185,0.01619188,1.464838,15.93804,0.002486356,3.289121,3.162156,3.250635,7.729761,39.99607,12.66099,10.01295,24.64564,0.006181981,13.49887,1.00E-20,236.9904,RCP4.5,Dec,BSAP,8.77E-04,6.37E-06,0.1083339,0.001372532,0.03405774,0.06137156,0.006793982,0.1103543,5.80E-05,0.02527194,2.59E-07,1.994114,1.257699,1.44E-06,0.002308282,0.05719151,0,0,0,0,0,0,0,0,0,0,0,0,0
2071,0.08369941,0.002726656,0.4064722,0.5887254,0.2588119,0.6187143,0.9335327,1.277683,1.56E-04,3.452058,0.001225454,6.631253,8.163313,0.01532984,1.387958,15.78127,0.001589266,2.39571,2.773623,3.232172,7.512147,39.7833,10.51672,7.070126,24.5842,0.02851274,11.04722,1.00E-20,197.7245,RCP4.5,Dec,BSAP,8.87E-04,6.43E-06,0.1124967,0.001439794,0.0375865,0.06507909,0.005580124,0.1175258,5.35E-05,0.02552458,2.09E-07,1.682659,1.072624,1.36E-06,0.002187134,0.05662896,0,0,0,0,0,0,0,0,0,0,0,0,0
2072,0.08423254,0.002737596,0.3926623,0.4445773,0.2545371,0.6123934,0.7497295,1.225304,1.42E-04,2.782332,0.001093842,6.18879,6.517391,0.01358185,1.229494,14.70106,0.00200962,2.667506,2.590337,3.339276,6.732935,37.90204,10.51111,8.966498,23.67169,0.3735927,11.83204,1.00E-20,207.4315,RCP4.5,Dec,BSAP,8.93E-04,6.46E-06,0.1086747,0.001087264,0.03696569,0.06441422,0.004481454,0.1127078,4.85E-05,0.02057262,1.87E-07,1.570386,0.8563569,1.21E-06,0.001937428,0.05275276,0,0,0,0,0,0,0,0,0,0,0,0,0
2073,0.08413263,0.002696199,0.3779552,0.4625181,0.2183039,0.5267077,1.05046,1.060518,1.30E-04,2.944837,0.001496911,7.548035,7.671933,0.01545726,1.361809,14.60885,0.002505677,3.462436,3.10872,3.562336,7.927535,39.2305,11.99333,10.17583,22.37957,0.2587391,12.98186,1.00E-20,226.9864,RCP4.5,Dec,BSAP,8.92E-04,6.36E-06,0.1046043,0.00113114,0.03170365,0.05540143,0.006279046,0.09755022,4.45E-05,0.02177418,2.56E-07,1.91529,1.008059,1.37E-06,0.002145929,0.05242187,0,0,0,0,0,0,0,0,0,0,0,0,0
2074,0.08448955,0.002686123,0.3847664,0.5674857,0.2252553,0.5421335,1.112054,1.090987,1.22E-04,3.334026,0.001423884,7.518387,8.460559,0.0161762,1.445086,15.19986,0.002173503,3.033188,3.049499,3.230137,9.306184,40.48235,11.58181,8.942935,22.6798,0.2406982,12.36725,1.00E-20,217.3255,RCP4.5,Dec,BSAP,8.95E-04,6.34E-06,0.1064894,0.00138785,0.03271316,0.05702397,0.006647222,0.1003529,4.17E-05,0.02465186,2.43E-07,1.907767,1.111681,1.44E-06,0.002277157,0.05454263,0,0,0,0,0,0,0,0,0,0,0,0,0
2075,0.08519333,0.002704557,0.3894857,0.5196871,0.2441729,0.5964565,0.7971485,1.225116,1.13E-04,3.0633,0.001089318,6.126095,6.91607,0.01451308,1.297044,15.09511,0.001472268,2.252849,2.603644,3.20112,8.570035,39.00924,9.664102,6.857464,23.2199,0.2428414,10.49657,1.00E-20,186.4252,RCP4.5,Dec,BSAP,9.03E-04,6.38E-06,0.1077955,0.001270953,0.03546052,0.0627379,0.004764898,0.1126905,3.88E-05,0.0226501,1.86E-07,1.554477,0.9087417,1.29E-06,0.002043873,0.05416676,0,0,0,0,0,0,0,0,0,0,0,0,0
2076,0.08534729,0.002689526,0.3705101,0.4115146,0.2322708,0.5667108,0.7591684,1.136417,1.04E-04,2.508875,0.001094564,6.135676,6.015057,0.01347259,1.19207,14.24259,0.002018295,2.750376,2.610488,3.539738,7.775684,37.42253,10.2802,9.01767,22.77258,0.8436183,11.69531,1.00E-20,204.3052,RCP4.5,Dec,BSAP,9.04E-04,6.34E-06,0.1025438,0.001006405,0.03373202,0.05960912,0.004537874,0.1045317,3.55E-05,0.01855067,1.87E-07,1.556908,0.7903523,1.20E-06,0.001878455,0.0511076,0,0,0,0,0,0,0,0,0,0,0,0,0
2077,0.08521893,0.002646298,0.3595853,0.4516585,0.205779,0.5042899,0.948281,1.023763,9.62E-05,2.607388,0.001334683,6.695389,6.47209,0.01508335,1.281375,14.26967,0.001826477,2.834372,2.870358,3.77459,8.47045,38.01822,10.22285,7.929226,21.4304,0.491946,11.02463,1.00E-20,195.2829,RCP4.5,Dec,BSAP,9.03E-04,6.24E-06,0.09952015,0.001104581,0.02988468,0.05304343,0.005668281,0.09416937,3.29E-05,0.01927908,2.28E-07,1.698934,0.8504044,1.34E-06,0.002019183,0.05120479,0,0,0,0,0,0,0,0,0,0,0,0,0
2078,0.08537,0.002631919,0.3534555,0.4535653,0.2077986,0.5314763,0.8646662,1.044744,8.90E-05,2.4751,0.001174544,6.188167,6.081629,0.01454594,1.242669,14.18129,0.001763816,2.532107,2.635072,4.015075,8.496773,37.3632,9.875583,7.991831,20.44695,2.085341,10.97115,1.00E-20,194.4407,RCP4.5,Dec,BSAP,9.05E-04,6.21E-06,0.09782365,0.001109245,0.030178,0.05590301,0.005168479,0.09609924,3.05E-05,0.01830094,2.01E-07,1.570227,0.7990997,1.29E-06,0.001958189,0.05088763,0,0,0,0,0,0,0,0,0,0,0,0,0
2079,0.08518711,0.002595046,0.3475205,0.4613127,0.195386,0.5153126,0.9911795,1.056265,8.37E-05,2.720757,0.001732391,7.499635,7.231925,0.01728156,1.386223,14.70973,0.002827483,3.794368,3.187884,4.200459,10.93875,38.76368,12.29411,11.40098,18.5923,0.9801504,13.72071,1.00E-20,234.9613,RCP4.5,Dec,BSAP,9.03E-04,6.12E-06,0.09618106,0.001128192,0.02837535,0.05420284,0.005924705,0.09715903,2.86E-05,0.02011732,2.96E-07,1.903008,0.9502434,1.54E-06,0.002184401,0.05278385,0,0,0,0,0,0,0,0,0,0,0,0,0
2080,0.08535615,0.002571492,0.3673879,0.5689219,0.2151744,0.5163118,1.146977,1.123795,8.13E-05,3.544433,0.00169566,8.032631,8.670892,0.01869214,1.552927,16.0909,0.00223668,3.360702,3.33784,3.318582,14.17081,41.22065,11.6562,8.898175,20.75086,0.2018579,12.33071,1.00E-20,214.5353,RCP4.5,Dec,BSAP,9.04E-04,6.06E-06,0.1016796,0.001391362,0.03124915,0.05430794,0.006855974,0.1033706,2.78E-05,0.02620761,2.90E-07,2.038254,1.139318,1.66E-06,0.002447093,0.05774002,0,0,0,0,0,0,0,0,0,0,0,0,0
2081,0.0862259,0.002610757,0.381922,0.5456848,0.2628115,0.603011,0.7741258,1.253998,7.78E-05,3.270715,0.001105708,6.034173,6.90216,0.01543236,1.312851,16.29689,0.001441637,2.136728,2.517205,2.819283,12.62532,39.12098,9.291474,6.806747,22.86606,0.06473824,10.48278,1.00E-20,182.1686,RCP4.5,Dec,BSAP,9.14E-04,6.16E-06,0.1057022,0.001334533,0.03816735,0.06342734,0.00462728,0.1153472,2.66E-05,0.02418373,1.89E-07,1.531152,0.9069138,1.37E-06,0.002068782,0.05847919,0,0,0,0,0,0,0,0,0,0,0,0,0
2082,0.08639921,0.002611742,0.3636245,0.4153375,0.2497321,0.5913464,0.6483084,1.208522,7.32E-05,2.532634,0.001003079,5.835592,5.787866,0.01349442,1.144822,15.4227,0.00177441,2.470977,2.436125,3.113482,11.17621,36.57727,9.413244,8.224624,23.78375,0.370302,11.07917,1.00E-20,190.8809,RCP4.5,Dec,BSAP,9.16E-04,6.16E-06,0.100638,0.001015754,0.03626787,0.06220041,0.003875216,0.1111641,2.51E-05,0.01872635,1.71E-07,1.480763,0.7605004,1.20E-06,0.001804003,0.05534227,0,0,0,0,0,0,0,0,0,0,0,0,0
2083,0.08628744,0.002581594,0.3474526,0.4244734,0.2159451,0.5267743,0.7983758,1.067078,6.91E-05,2.312985,0.001122171,5.907845,5.575745,0.01410146,1.150262,15.02956,0.001446847,2.330487,2.524111,3.556041,10.79762,35.78085,8.894519,6.808978,22.98536,0.5256147,9.987099,1.00E-20,175.9451,RCP4.5,Dec,BSAP,9.14E-04,6.09E-06,0.09616228,0.001038097,0.03136108,0.05540843,0.004772233,0.09815368,2.36E-05,0.01710225,1.92E-07,1.499097,0.7326286,1.25E-06,0.001812576,0.05393155,0,0,0,0,0,0,0,0,0,0,0,0,0
2084,0.08608194,0.002556172,0.3349073,0.4453237,0.1987076,0.5293962,0.9107313,0.999393,6.51E-05,2.342753,0.00153775,7.144733,6.60527,0.0156771,1.271402,15.11905,0.003007008,3.759825,2.979552,3.925452,11.84755,36.53394,12.22215,12.20776,21.42138,1.408899,14.12308,1.00E-20,240.2615,RCP4.5,Dec,BSAP,9.12E-04,6.03E-06,0.0926902,0.001089089,0.02885772,0.05568421,0.00544383,0.09192773,2.23E-05,0.01732236,2.63E-07,1.812953,0.8679039,1.39E-06,0.002003466,0.05425267,0,0,0,0,0,0,0,0,0,0,0,0,0
2085,0.08618319,0.002529079,0.3576161,0.5683619,0.1920445,0.5246919,1.030532,1.127769,6.31E-05,3.257852,0.001813918,7.618162,7.740398,0.01905489,1.507961,16.6988,0.001801753,3.143914,3.320394,3.919023,13.58188,39.28438,10.6899,7.24831,19.84482,0.7669951,10.86939,1.00E-20,194.5684,RCP4.5,Dec,BSAP,9.13E-04,5.96E-06,0.09897515,0.001389992,0.02789007,0.0551894,0.006159933,0.1037362,2.16E-05,0.02408861,3.10E-07,1.933084,1.017055,1.69E-06,0.002376235,0.0599214,0,0,0,0,0,0,0,0,0,0,0,0,0
2086,0.08687627,0.002566509,0.3659677,0.5128383,0.2374299,0.6152653,0.8227883,1.222385,5.96E-05,2.964442,0.00126112,6.234566,6.667318,0.01586008,1.292644,16.50643,0.002123517,2.668621,2.543447,3.72067,11.61767,37.40187,10.46099,9.401599,20.06017,1.955091,12.22984,1.00E-20,211.0609,RCP4.5,Dec,BSAP,9.21E-04,6.05E-06,0.1012866,0.001254203,0.03448125,0.0647163,0.004918158,0.1124393,2.04E-05,0.02191914,2.15E-07,1.582001,0.8760567,1.41E-06,0.002036939,0.05923108,0,0,0,0,0,0,0,0,0,0,0,0,0
2087,0.0869322,0.002560921,0.3624501,0.4753157,0.2383835,0.5791651,0.8629273,1.224215,5.66E-05,2.931638,0.001397712,6.546485,6.673002,0.01646302,1.293192,16.51273,0.001644111,2.593356,2.696391,3.673667,11.65955,37.14795,9.737775,7.250072,19.28402,0.7739037,10.63084,1.00E-20,187.1587,RCP4.5,Dec,BSAP,9.21E-04,6.04E-06,0.100313,0.001162437,0.03461974,0.06091913,0.005158086,0.1126076,1.94E-05,0.02167659,2.39E-07,1.66115,0.8768036,1.46E-06,0.002037803,0.05925367,0,0,0,0,0,0,0,0,0,0,0,0,0
2088,0.08712983,0.002567302,0.3545568,0.4574984,0.2416567,0.5802585,0.841238,1.175534,5.35E-05,2.597654,0.001303424,6.335888,6.210534,0.0155816,1.22024,15.96116,0.002115139,2.762697,2.56086,4.262728,11.74911,36.07732,10.38237,9.284135,18.57206,3.145012,11.93552,1.00E-20,207.439,RCP4.5,Dec,BSAP,9.23E-04,6.06E-06,0.09812845,0.001118863,0.0350951,0.06103414,0.005028439,0.1081298,1.83E-05,0.0192071,2.23E-07,1.607711,0.8160372,1.38E-06,0.001922846,0.05727448,0,0,0,0,0,0,0,0,0,0,0,0,0
2089,0.08703808,0.002546138,0.3512579,0.4805124,0.2179445,0.5414092,1.000218,1.146363,5.15E-05,2.831715,0.001726756,6.944952,6.758203,0.01866226,1.338024,16.57746,0.001955802,2.950741,2.880955,4.601239,13.60583,36.97902,10.37389,8.313715,15.96998,2.200479,11.37615,1.00E-20,198.6893,RCP4.5,Dec,BSAP,9.22E-04,6.01E-06,0.09721544,0.001175147,0.03165145,0.05694779,0.005978731,0.1054465,1.76E-05,0.02093775,2.95E-07,1.762259,0.8879986,1.66E-06,0.00210845,0.05948599,0,0,0,0,0,0,0,0,0,0,0,0,0
2090,0.08735439,0.002559366,0.3511781,0.4906911,0.229197,0.5769936,0.8216076,1.20404,4.93E-05,2.672942,0.001197756,5.858471,5.748243,0.01637672,1.229326,16.53459,0.001428029,2.129624,2.399046,3.654531,12.98126,35.69065,8.768032,6.798185,17.23094,1.697277,10.03537,1.00E-20,175.18,RCP4.5,Dec,BSAP,9.26E-04,6.04E-06,0.09719335,0.00120004,0.03328562,0.06069073,0.0049111,0.1107519,1.69E-05,0.01976378,2.05E-07,1.486568,0.7552943,1.46E-06,0.001937164,0.05933215,0,0,0,0,0,0,0,0,0,0,0,0,0
2091,0.08730078,0.00255567,0.3337251,0.4088328,0.2198734,0.5801261,0.7044666,1.157622,4.68E-05,2.21782,0.001119087,5.716873,5.001787,0.01490398,1.124187,15.8032,0.001697329,2.374287,2.324672,4.021742,12.64985,33.98242,8.921188,7.960682,16.31763,2.846741,10.58339,1.00E-20,183.3304,RCP4.5,Dec,BSAP,9.25E-04,6.03E-06,0.09236299,1.00E-03,0.03193158,0.06102021,0.004210899,0.1064822,1.60E-05,0.0163986,1.91E-07,1.450638,0.657213,1.32E-06,0.001771486,0.05670764,0,0,0,0,0,0,0,0,0,0,0,0,0
2092,0.08695817,0.002521086,0.3212108,0.4279023,0.1941391,0.5244885,0.8728097,1.090649,4.50E-05,2.239425,0.001409943,6.427551,5.497401,0.01634144,1.203419,15.88549,0.001922563,2.799743,2.624594,3.872465,14.38597,34.20425,9.520007,8.438145,16.57425,1.577253,11.05887,1.00E-20,189.5687,RCP4.5,Dec,BSAP,9.21E-04,5.95E-06,0.08889949,0.001046483,0.02819425,0.055168,0.005217157,0.1003218,1.54E-05,0.01655835,2.41E-07,1.63097,0.7223346,1.45E-06,0.001896341,0.05700291,0,0,0,0,0,0,0,0,0,0,0,0,0
2093,0.08676215,0.00250065,0.3210817,0.4813808,0.2000055,0.5289695,1.020957,1.086134,4.38E-05,2.536645,0.00159259,7.171169,6.701164,0.01736106,1.318376,16.56215,0.002413292,3.206401,2.850291,3.818908,16.70507,35.37751,10.85383,9.988282,17.53902,2.175016,12.54299,1.00E-20,212.9468,RCP4.5,Dec,BSAP,9.19E-04,5.90E-06,0.08886376,0.001177271,0.02904622,0.05563933,0.006102696,0.09990651,1.50E-05,0.018756,2.72E-07,1.819661,0.8805039,1.54E-06,0.002077488,0.05943102,0,0,0,0,0,0,0,0,0,0,0,0,0
2094,0.08697464,0.002501365,0.3363885,0.5377146,0.2172833,0.5611255,0.9847035,1.221604,4.29E-05,2.980449,0.001659919,6.712215,7.035011,0.01910677,1.373179,17.68495,0.001653606,2.589967,2.809481,4.477575,17.16656,36.31404,9.768744,7.217247,15.7676,3.193953,10.72823,1.00E-20,187.4772,RCP4.5,Dec,BSAP,9.22E-04,5.90E-06,0.09310013,0.001315041,0.03155542,0.05902164,0.005885994,0.1123675,1.47E-05,0.0220375,2.84E-07,1.703203,0.92437,1.70E-06,0.002163847,0.06346007,0,0,0,0,0,0,0,0,0,0,0,0,0
2095,0.0873768,0.002526699,0.3376817,0.4620304,0.2404286,0.6086474,0.7473623,1.286041,4.12E-05,2.666262,0.001295883,5.399831,5.592077,0.01746777,1.189886,17.44503,0.001363662,1.998595,2.280858,4.40942,14.64415,34.40682,8.503812,6.82387,15.13829,2.99683,10.07464,1.00E-20,174.2765,RCP4.5,Dec,BSAP,9.26E-04,5.96E-06,0.09345802,0.001129947,0.03491675,0.06402019,0.004467304,0.1182946,1.41E-05,0.0197144,2.21E-07,1.37019,0.7347746,1.55E-06,0.001875015,0.06259913,0,0,0,0,0,0,0,0,0,0,0,0,0
2096,0.08712017,0.002512931,0.3235571,0.4258251,0.2234904,0.5690257,0.8561901,1.210432,3.97E-05,2.480508,0.001521029,6.550732,6.262546,0.01734862,1.208448,17.08275,0.002401802,3.076684,2.605475,4.006835,15.63394,34.16464,10.57387,10.23952,15.21236,2.177968,12.6452,1.00E-20,212.5249,RCP4.5,Dec,BSAP,9.23E-04,5.93E-06,0.08954888,0.001041403,0.03245686,0.05985261,0.005117815,0.1113398,1.36E-05,0.01834092,2.60E-07,1.662227,0.8228713,1.54E-06,0.001904264,0.06129915,0,0,0,0,0,0,0,0,0,0,0,0,0
2097,0.08685962,0.002489007,0.3336068,0.5359399,0.2097232,0.534535,1.270304,1.152209,3.92E-05,3.269397,0.002103601,8.568976,9.245728,0.02064108,1.495883,18.45857,0.002969785,3.916275,3.353369,3.983382,19.94041,37.4744,12.86758,11.45319,15.19958,2.548245,14.34209,1.00E-20,241.8038,RCP4.5,Dec,BSAP,9.20E-04,5.87E-06,0.09233025,0.001310701,0.03045749,0.05622473,0.007593148,0.1059843,1.34E-05,0.02417398,3.59E-07,2.174351,1.214848,1.83E-06,0.002357203,0.06623607,0,0,0,0,0,0,0,0,0,0,0,0,0
2098,0.08739372,0.002521646,0.3711788,0.6976206,0.2482581,0.6055353,1.447479,1.347942,3.92E-05,4.549362,0.002562245,9.21428,12.69595,0.02476367,1.734477,21.0632,0.003174022,3.942797,3.58065,5.064324,23.06524,41.28189,14.43946,12.05824,13.53879,4.576995,15.8813,1.00E-20,267.715,RCP4.5,Dec,BSAP,9.26E-04,5.95E-06,0.1027288,0.001706109,0.0360538,0.06369286,0.0086522,0.1239885,1.34E-05,0.03363807,4.38E-07,2.338094,1.668193,2.20E-06,0.002733177,0.07558242,0,0,0,0,0,0,0,0,0,0,0,0,0
2099,0.08870482,0.002607128,0.4232893,0.7667295,0.310284,0.7064841,1.363519,1.672192,3.92E-05,5.677062,0.002540845,8.817792,13.96798,0.02691764,1.802111,23.70019,0.00266906,3.380788,3.423539,4.975086,23.40342,43.62508,13.91675,10.38955,12.26326,3.805967,15.15662,1.00E-20,256.1583,RCP4.5,Dec,BSAP,9.40E-04,6.15E-06,0.1171511,0.001875122,0.04506165,0.0743111,0.008150337,0.1538142,1.34E-05,0.04197631,4.34E-07,2.237487,1.835332,2.39E-06,0.002839754,0.08504492,0,0,0,0,0,0,0,0,0,0,0,0,0
2000,0.01871447,5.17E-06,3.82E-05,0.314176,0.1441709,0.3415905,0.6709814,0.7285768,0.005639561,1.600745,5.54E-05,6.489979,2.175408,5.53E-05,0.7372635,11.65968,0.001023163,1.567997,1.990942,4.180514,7.419862,23.06756,6.80644,4.42751,3.7301,2.00271,7.33601,0.1267834,149.9978,RCP4.5,Dec,BSAP,2.71E-04,5.17E-08,3.38E-05,0.003178207,0.07797179,0.09612516,0.0114846,0.1647483,0.001929902,0.03340128,2.30E-04,2.067227,0.3749692,2.32E-04,0.04944002,0.107882,0,0,0,0,0,0,0,0,0,0,0,0,0
2001,0.01982412,6.14E-06,3.22E-05,0.3085482,0.1344041,0.3379664,0.6893708,0.7258139,0.005084669,1.665991,1.71E-05,6.994747,2.021654,1.72E-05,0.737951,11.79301,0.001321972,1.836123,2.070342,3.980474,7.727256,23.30123,7.371168,5.199758,4.110936,1.850522,7.934511,0.07962301,160.4315,RCP4.5,Dec,BSAP,3.55E-04,5.92E-08,2.85E-05,0.003052853,0.07110116,0.09417105,0.01214513,0.1689532,0.001740013,0.03422232,7.11E-05,3.015225,0.4724176,7.20E-05,0.06077223,0.1089216,0,0,0,0,0,0,0,0,0,0,0,0,0
2002,0.02056025,7.28E-06,2.90E-05,0.3445225,0.1361843,0.3329474,0.8642931,0.7375559,0.004719859,1.935342,6.06E-06,8.727681,1.928778,5.65E-06,0.8228156,12.54938,0.00184186,2.385823,2.352823,4.349092,8.874736,24.40283,8.635346,6.343062,4.195045,2.049362,8.82497,0.1456856,179.611,RCP4.5,Dec,BSAP,4.19E-04,6.19E-08,2.37E-05,0.003160727,0.06681768,0.0912982,0.01495237,0.1686222,0.001615172,0.03748806,2.52E-05,3.982726,0.4774976,2.37E-05,0.06865957,0.1120247,0,0,0,0,0,0,0,0,0,0,0,0,0
2003,0.02140071,8.66E-06,2.52E-05,0.3965323,0.1520422,0.346507,0.9050072,0.8316775,0.004470676,2.31833,1.52E-06,8.291897,1.770088,1.20E-06,0.855108,13.55653,0.001450233,2.105081,2.326713,3.099187,9.024622,25.26394,7.778072,5.150496,5.140199,1.344159,7.782605,0.0231639,160.3688,RCP4.5,Dec,BSAP,5.14E-04,9.99E-08,2.46E-05,0.004310233,0.08832157,0.09499136,0.01578915,0.1916435,0.0015299,0.05105922,6.32E-06,3.10053,0.358165,5.06E-06,0.06698813,0.1274614,0,0,0,0,0,0,0,0,0,0,0,0,0
2004,0.02224432,1.02E-05,2.15E-05,0.4110357,0.1688277,0.3741557,0.7832035,0.8922094,0.004168712,2.362566,2.86E-07,8.185984,2.070683,1.26E-07,0.7923691,13.54293,0.001757736,2.107406,2.116492,4.600855,8.574046,25.03227,8.383544,6.174065,5.55583,2.426889,8.681511,0.2705491,178.5256,RCP4.5,Dec,BSAP,5.94E-04,1.01E-07,1.86E-05,0.004035525,0.08860659,0.09894037,0.01279979,0.1926213,0.001426566,0.04737836,1.13E-06,2.57749,0.3528084,5.30E-07,0.05258021,0.1196533,0,0,0,0,0,0,0,0,0,0,0,0,0
2005,0.02267157,1.21E-05,2.19E-05,0.4232259,0.1836326,0.3688875,0.9330381,0.9241577,0.00398634,2.741535,4.10E-07,9.755921,3.252457,5.63E-08,0.9096646,14.72245,0.001777653,2.379245,2.505473,5.09159,9.893075,26.31074,9.345059,6.020815,4.122294,2.271791,8.962358,0.3465213,186.8659,RCP4.5,Dec,BSAP,6.23E-04,1.06E-07,1.76E-05,0.004080211,0.0946879,0.1070787,0.01569743,0.2054487,0.001364157,0.05435048,8.51E-07,2.055894,0.3702758,2.36E-07,0.04455494,0.1365664,0,0,0,0,0,0,0,0,0,0,0,0,0
2006,0.0242698,1.44E-05,2.25E-05,0.4810682,0.2217937,0.3912637,0.9505036,0.9847991,0.003812909,2.969048,1.77E-06,7.258448,3.913745,1.88E-08,0.8667964,15.44604,0.001180488,1.619329,2.225043,3.827425,9.378216,26.45287,8.284827,4.583207,3.86708,1.826943,8.002114,0.4182144,169.0621,RCP4.5,Dec,BSAP,2.74E-04,1.31E-07,1.89E-05,0.004964985,0.1224536,0.1264032,0.01729125,0.2367455,0.001304807,0.0634871,1.83E-06,1.266099,0.3681586,7.89E-08,0.03846611,0.1564688,0,0,0,0,0,0,0,0,0,0,0,0,0
2007,0.02580435,1.71E-05,2.27E-05,0.4706645,0.2338323,0.416461,0.7282743,0.9994064,0.003590494,2.650962,3.59E-05,6.946661,3.653157,6.90E-09,0.7589042,14.84835,0.001203127,1.458343,2.022286,4.928784,8.635545,25.61478,8.288302,4.909312,2.696355,2.668574,8.021781,0.6462356,172.2145,RCP4.5,Dec,BSAP,4.67E-04,1.41E-07,1.73E-05,0.004256932,0.1131153,0.1127939,0.01164977,0.2112525,0.001228695,0.04914369,1.13E-08,1.644242,0.4677169,2.90E-08,0.03911214,0.1295734,0,0,0,0,0,0,0,0,0,0,0,0,0
2008,0.02667184,2.01E-05,2.61E-05,0.4407364,0.222421,0.4239154,0.8304096,0.9646432,0.003401692,2.531852,8.03E-04,6.698336,3.237102,5.53E-09,0.766557,14.8219,9.56E-04,1.417985,2.088714,5.138644,8.546584,25.33321,7.683397,4.160467,1.207884,2.578727,7.271427,0.6138493,158.7951,RCP4.5,Dec,BSAP,8.19E-04,1.33E-07,1.62E-05,0.003198168,0.08632521,0.0922849,0.01099848,0.1688378,0.001164085,0.03776826,2.23E-07,1.70068,0.4452968,2.21E-08,0.03865229,0.1048039,0,0,0,0,0,0,0,0,0,0,0,0,0
2009,0.02685321,2.37E-05,2.90E-05,0.4332742,0.2167715,0.439023,0.8531042,0.9164877,0.003198612,2.346298,0.0030192,6.913245,2.773179,1.18E-08,0.7418494,14.3996,0.001337142,1.53521,1.967878,4.584803,8.226146,24.75321,7.982571,5.305357,0.661602,2.371283,8.109473,0.4227271,169.5708,RCP4.5,Dec,BSAP,0.001334604,1.82E-07,2.02E-05,0.003367462,0.09007271,0.09361204,0.01171875,0.1663343,0.00109459,0.03731957,9.72E-07,2.391777,0.5201129,2.48E-08,0.04893432,0.1035237,0,0,0,0,0,0,0,0,0,0,0,0,0
2010,0.02671766,2.79E-05,3.11E-05,0.4182117,0.2024467,0.4421892,0.7108629,0.9248995,0.003007966,2.135658,0.003155414,6.469692,2.236895,5.61E-08,0.6874859,13.74264,6.95E-04,1.217381,1.86014,3.314802,7.438861,24.03307,6.328678,3.287992,0.5461176,1.807333,6.294755,0.237553,134.4544,RCP4.5,Dec,BSAP,9.14E-04,2.22E-07,2.17E-05,0.003244825,0.08396023,0.09018884,0.009320433,0.1601973,0.001029349,0.0336621,9.67E-07,2.003175,0.3751907,5.89E-08,0.04218841,0.09552898,0,0,0,0,0,0,0,0,0,0,0,0,0
2011,0.02687617,3.26E-05,3.04E-05,0.3341427,0.1770202,0.4529148,0.467865,0.8427088,0.002724002,1.527713,0.002338359,4.827804,1.353614,5.35E-07,0.5312446,11.41304,6.25E-04,0.9351571,1.444596,3.395405,5.727123,21.83204,5.287671,3.696688,0.9935296,2.080445,6.238455,0.152233,128.7867,RCP4.5,Dec,BSAP,7.39E-04,2.48E-07,2.07E-05,0.002500256,0.07080358,0.08976209,0.006078037,0.1446297,9.32E-04,0.02335575,7.36E-07,1.680337,0.2554046,6.81E-11,0.03514135,0.07728828,0,0,0,0,0,0,0,0,0,0,0,0,0
2012,0.02647112,3.78E-05,3.13E-05,0.2603269,0.132408,0.4045134,0.607152,0.6724045,0.002473142,1.245789,0.002783871,6.712586,1.30184,1.55E-05,0.5722887,10.35031,0.00113862,1.555068,1.686564,4.249091,6.239376,21.44686,6.538231,4.857757,2.168629,2.204139,7.175812,0.2717329,148.87,RCP4.5,Dec,BSAP,3.73E-04,2.61E-07,2.00E-05,0.001812668,0.04929014,0.07658278,0.007688167,0.1125,8.46E-04,0.01769641,8.71E-07,2.510762,0.2641574,2.12E-09,0.03906952,0.06710438,0,0,0,0,0,0,0,0,0,0,0,0,0
2013,0.02651361,4.45E-05,3.49E-05,0.301735,0.1194738,0.3707265,0.7491515,0.6014302,0.002310904,1.293566,0.003104769,6.093579,1.332947,3.06E-04,0.6480507,10.49888,8.21E-04,1.490434,1.871057,3.415256,6.862589,21.80421,6.053724,3.743986,4.355339,1.547675,6.306773,0.2176106,133.86,RCP4.5,Dec,BSAP,3.69E-04,2.71E-07,2.15E-05,0.002072237,0.04389051,0.07824682,0.01024222,0.1086786,7.91E-04,0.01863551,1.01E-06,2.447529,0.2906518,4.50E-08,0.04565313,0.07262733,0,0,0,0,0,0,0,0,0,0,0,0,0
2014,0.02643123,5.18E-05,3.86E-05,0.3437159,0.1133963,0.356565,0.7811685,0.5990175,0.002180788,1.470506,0.004194237,7.947796,1.625651,0.009936565,0.7883885,11.06178,0.002379145,2.705938,2.30378,7.128,8.791698,23.01541,9.547883,7.872572,3.347877,3.4269,9.751185,0.5236284,201.4562,RCP4.5,Dec,BSAP,4.15E-04,3.14E-07,2.52E-05,0.002489264,0.04394106,0.0831553,0.01194697,0.1211033,7.46E-04,0.02246603,1.55E-06,3.864404,0.4293425,1.77E-06,0.06498338,0.08408612,0,0,0,0,0,0,0,0,0,0,0,0,0
2015,0.02607382,6.14E-05,5.04E-05,0.4248955,0.1204816,0.3277284,1.113666,0.7021804,0.002185911,2.474114,0.00628104,11.75624,2.586663,0.02496885,1.194374,14.33025,0.002200621,3.420261,3.424358,6.275522,12.42372,27.08231,10.41045,6.697706,0.9642994,2.327658,9.274543,0.3070987,196.1402,RCP4.5,Dec,BSAP,2.39E-04,2.99E-07,2.86E-05,0.00259687,0.03940785,0.06708842,0.01554309,0.129569,7.48E-04,0.0324047,2.25E-06,6.231121,0.7451553,4.86E-06,0.1028232,0.09581951,0,0,0,0,0,0,0,0,0,0,0,0,0
2016,0.02711958,7.41E-05,6.67E-05,0.5268832,0.210677,0.3866926,1.346418,0.9802864,0.002148497,3.361763,0.005411407,9.232972,3.774609,0.02027595,1.145749,16.84311,0.002170658,2.501712,2.788143,4.675025,11.71795,28.65791,10.21017,7.003433,0.2341322,2.375039,10.05414,0.3004043,205.4952,RCP4.5,Dec,BSAP,2.24E-04,3.18E-07,3.29E-05,0.002795588,0.05981964,0.0680109,0.01616821,0.1556302,7.35E-04,0.0381748,1.67E-06,4.210104,0.9354311,3.40E-06,0.08510341,0.09700648,0,0,0,0,0,0,0,0,0,0,0,0,0
2017,0.02814343,8.87E-05,1.02E-04,0.5771398,0.314202,0.4674829,1.038779,1.32885,0.00210187,3.68175,0.004382454,9.713065,5.199642,0.01582347,1.045341,17.91556,0.001731033,2.026942,2.550911,3.824161,10.97482,29.32218,9.964807,5.810065,0.07496793,2.093333,9.621058,0.1297654,194.6582,RCP4.5,Dec,BSAP,2.78E-04,2.09E-07,2.83E-05,0.00141146,0.04563065,0.04917189,0.006209225,0.1222324,7.19E-04,0.02722293,7.49E-07,2.464659,0.6832104,1.41E-06,0.001647241,0.06428754,0,0,0,0,0,0,0,0,0,0,0,0,0
2018,0.02968346,1.06E-04,1.70E-04,0.5879135,0.3632704,0.5404164,1.061659,1.335202,0.002057569,3.651272,0.004475104,10.17807,7.166687,0.01719506,1.021567,18.17381,0.002365692,2.367195,2.758694,4.626806,11.64185,30.24221,12.04099,7.64345,0.04397306,2.59096,12.02178,0.04148718,233.457,RCP4.5,Dec,BSAP,2.95E-04,2.50E-07,4.71E-05,0.001437808,0.0527567,0.05684336,0.006345991,0.1228166,7.04E-04,0.02699758,7.64E-07,2.582651,0.9416716,1.53E-06,0.001609778,0.06521424,0,0,0,0,0,0,0,0,0,0,0,0,0
2019,0.03145289,1.28E-04,2.92E-04,0.680944,0.3386557,0.5803319,1.212867,1.29109,0.002051051,4.037268,0.005107402,10.16753,8.262561,0.01996375,1.108415,19.77262,0.001664674,1.949229,3.016308,4.31321,12.61174,32.29759,11.44484,5.601705,0.04566385,2.292167,10.57709,0.1239741,212.1756,RCP4.5,Dec,BSAP,3.33E-04,3.03E-07,8.08E-05,0.001665325,0.04918198,0.06104185,0.007249826,0.1187591,7.02E-04,0.02985163,8.72E-07,2.579978,1.085665,1.77E-06,0.001746633,0.07095136,0,0,0,0,0,0,0,0,0,0,0,0,0
2020,0.03388795,1.53E-04,4.74E-04,0.6470622,0.39133,0.6489283,0.9490047,1.363424,0.002007757,3.855698,0.004528494,8.517056,7.223608,0.01750131,0.9996169,19.83607,0.001704591,1.672616,2.614086,3.915888,11.28913,31.8648,10.86523,6.046512,0.09273105,2.254499,10.67712,0.1247995,210.9522,RCP4.5,Dec,BSAP,3.59E-04,3.62E-07,1.31E-04,0.001582463,0.05683173,0.06825713,0.005672606,0.1254126,0.00068707,0.0285091,7.73E-07,2.161176,0.9491506,1.56E-06,0.00157519,0.07117905,0,0,0,0,0,0,0,0,0,0,0,0,0
2021,0.03590387,1.83E-04,7.65E-04,0.6218313,0.3743063,0.6774426,0.798622,1.399978,0.001949965,3.440084,0.00379081,7.187569,5.475784,0.01422444,0.8734885,18.84672,8.79E-04,1.178251,2.300217,3.241153,9.596244,30.3945,8.510396,3.786572,0.2860261,1.969639,8.195743,0.1305707,166.9016,RCP4.5,Dec,BSAP,3.80E-04,4.31E-07,2.12E-04,0.001520758,0.05435941,0.07125638,0.004773705,0.1287749,6.67E-04,0.02543604,6.47E-07,1.823823,0.7194942,1.26E-06,0.001376437,0.06762891,0,0,0,0,0,0,0,0,0,0,0,0,0
2022,0.03720504,2.14E-04,0.001147736,0.4770747,0.3363131,0.6801901,0.7203503,1.24805,0.001856402,2.639313,0.003422944,7.336511,4.203321,0.01335523,0.7533595,16.39565,0.001531285,1.465091,2.056594,4.215696,8.489907,28.14287,8.894414,5.867562,0.8673757,2.520691,9.25762,0.2263539,185.4839,RCP4.5,Dec,BSAP,3.94E-04,5.05E-07,3.18E-04,0.00116674,0.04884177,0.07154538,0.004305842,0.1148001,6.35E-04,0.01951513,5.85E-07,1.861616,0.552298,1.19E-06,0.001187139,0.05883358,0,0,0,0,0,0,0,0,0,0,0,0,0
2023,0.03733168,2.54E-04,0.001873726,0.4979251,0.2413794,0.6063887,1.174963,1.074321,0.001816632,2.676045,0.004706259,10.23832,5.607796,0.01930973,0.9339551,16.86703,0.001880949,2.118315,2.655435,5.764105,10.50357,29.19432,10.61973,6.358149,1.011864,2.963501,10.16781,0.3071001,206.481,RCP4.5,Dec,BSAP,3.96E-04,5.98E-07,5.19E-04,0.001217732,0.03505484,0.06378262,0.007023258,0.09881987,6.22E-04,0.01978673,8.04E-07,2.597942,0.73684,1.72E-06,0.00147172,0.06052504,0,0,0,0,0,0,0,0,0,0,0,0,0
2024,0.03839222,3.04E-04,0.003039133,0.6545418,0.2608216,0.6092452,1.152976,1.106864,0.001790201,3.020233,0.005048982,8.047997,6.042092,0.0201249,1.0259,18.21893,0.001373024,1.606702,2.634811,4.857755,10.95356,30.07548,9.871079,5.05247,0.6121958,2.427936,9.194711,0.4211648,191.0696,RCP4.5,Dec,BSAP,4.07E-04,7.16E-07,8.41E-04,0.001600755,0.03787835,0.06408308,0.006891832,0.1018133,6.13E-04,0.02233166,8.62E-07,2.042154,0.7939046,1.79E-06,0.001616606,0.06537616,0,0,0,0,0,0,0,0,0,0,0,0,0
2025,0.03930402,3.58E-04,0.004745667,0.5444686,0.2820364,0.6406886,0.8008685,1.194202,0.001734817,2.859792,0.004122056,7.288782,5.1406,0.01572225,0.9048013,17.73895,0.001222615,1.35795,2.305787,3.604162,9.623705,29.08307,8.898441,4.883808,0.3598564,1.981223,8.815742,0.3071175,179.8747,RCP4.5,Dec,BSAP,4.16E-04,8.45E-07,0.001313428,0.001331559,0.04095933,0.06739043,0.004787133,0.109847,5.94E-04,0.02114536,7.04E-07,1.849505,0.6754524,1.40E-06,0.00142578,0.06365383,0,0,0,0,0,0,0,0,0,0,0,0,0
2026,0.03970166,4.21E-04,0.007554551,0.5420259,0.2805353,0.631626,0.9534948,1.172091,0.001685999,2.721637,0.004015196,9.382089,5.710505,0.01532736,0.9095411,17.10548,0.002062025,2.030312,2.520526,3.998775,10.36469,29.12296,10.84636,6.996138,0.2567535,2.341112,10.74673,0.3590949,215.3897,RCP4.5,Dec,BSAP,4.21E-04,9.93E-07,0.002090825,0.001325585,0.04074132,0.06643719,0.005699446,0.1078131,5.77E-04,0.02012384,6.86E-07,2.380675,0.7503355,1.36E-06,0.001433249,0.06138071,0,0,0,0,0,0,0,0,0,0,0,0,0
2027,0.04025527,5.00E-04,0.01259955,0.6253493,0.2904571,0.6087544,1.27529,1.127109,0.001679045,3.120663,0.004823169,10.56551,7.258602,0.01883726,1.075239,18.55844,0.001947484,2.165478,3.01243,4.462442,12.31007,31.25821,11.59611,6.377937,0.3196009,2.445129,10.71535,0.3596153,218.2712,RCP4.5,Dec,BSAP,4.27E-04,1.18E-06,0.003487097,0.001529361,0.04218224,0.06403146,0.007622952,0.1036755,5.75E-04,0.02307424,8.24E-07,2.680964,0.9537488,1.67E-06,0.001694354,0.06659445,0,0,0,0,0,0,0,0,0,0,0,0,0
2028,0.04151576,5.94E-04,0.02032197,0.6852694,0.3264175,0.6416871,1.102072,1.275601,0.001660506,3.414167,0.004830927,8.883689,7.362713,0.01879922,1.080696,19.73162,0.00170477,1.791513,2.842746,4.258584,11.99961,32.06162,11.05444,5.926043,0.6392099,2.327425,10.47039,0.3057661,211.6476,RCP4.5,Dec,BSAP,4.40E-04,1.40E-06,0.005624386,0.001675903,0.04740467,0.06749547,0.006587557,0.1173343,5.68E-04,0.02524441,8.25E-07,2.254208,0.9674284,1.67E-06,0.001702953,0.07080426,0,0,0,0,0,0,0,0,0,0,0,0,0
2029,0.04232675,6.99E-04,0.03289181,0.6510207,0.339034,0.6579967,1.213462,1.373246,0.001644449,3.634258,0.005149836,10.72017,8.239188,0.0204616,1.126493,20.60576,0.002376878,2.299221,3.04208,5.045272,12.7452,33.12339,12.74827,7.638782,0.6562842,2.719037,12.22642,0.2977231,242.7465,RCP4.5,Dec,BSAP,4.49E-04,1.65E-06,0.009103257,0.001592144,0.04923692,0.06921098,0.00725338,0.1263161,5.63E-04,0.02687177,8.80E-07,2.720208,1.082594,1.82E-06,0.001775121,0.07394098,0,0,0,0,0,0,0,0,0,0,0,0,0
2030,0.0435201,8.29E-04,0.05470824,0.7809491,0.3724593,0.6738846,1.397623,1.430181,0.001649337,4.201516,0.005638799,10.97647,9.320944,0.02222517,1.236382,22.53004,0.002061314,2.140913,3.24389,4.699716,13.74961,35.08472,12.77221,6.617693,0.3391895,2.460101,11.62628,0.3371384,235.573,RCP4.5,Dec,BSAP,4.61E-04,1.96E-06,0.01514126,0.001909898,0.05409118,0.07088215,0.00835419,0.1315531,5.64E-04,0.03106608,9.63E-07,2.785245,1.224732,1.98E-06,0.001948283,0.080846,0,0,0,0,0,0,0,0,0,0,0,0,0
2031,0.04527272,9.80E-04,0.08449236,0.753514,0.4187323,0.7352661,1.080796,1.562988,0.001631179,4.261028,0.005109005,8.931263,7.950903,0.02003817,1.133606,22.87919,0.00165087,1.66806,2.821736,4.436333,12.22201,34.6161,11.28672,5.758139,0.1627367,2.515827,10.49642,0.3230822,213.7921,RCP4.5,Dec,BSAP,4.80E-04,2.31E-06,0.02338442,0.001842803,0.06081128,0.07733852,0.006460378,0.1437692,5.58E-04,0.03150612,8.73E-07,2.266279,1.044714,1.78E-06,0.001786328,0.08209886,0,0,0,0,0,0,0,0,0,0,0,0,0
2032,0.0463431,0.001142877,0.1201757,0.6882189,0.4153272,0.7621247,0.9665124,1.598513,0.001595354,3.849265,0.004455818,8.702405,6.732111,0.01715944,1.001245,21.56315,0.001608927,1.583449,2.512325,3.71659,10.79262,32.95408,10.44959,5.751633,0.1031,2.15918,10.10574,0.2547285,203.8826,RCP4.5,Dec,BSAP,4.91E-04,2.70E-06,0.03326029,0.001683116,0.06031677,0.08016361,0.005777258,0.147037,5.46E-04,0.02846155,7.61E-07,2.208208,0.8845702,1.52E-06,0.001577756,0.07737645,0,0,0,0,0,0,0,0,0,0,0,0,0
2033,0.04692345,0.001316917,0.1543709,0.6235418,0.3852638,0.7501493,0.9745077,1.4585,0.001560469,3.411651,0.004069101,9.496509,6.768795,0.01545937,0.9529433,20.10413,0.001874912,1.794641,2.540422,3.375869,10.66241,32.03702,10.86016,6.401327,0.1912997,2.060759,10.73891,0.05272001,211.2421,RCP4.5,Dec,BSAP,4.97E-04,3.11E-06,0.04272428,0.001524941,0.05595074,0.07890398,0.00582505,0.134158,5.34E-04,0.02522581,6.95E-07,2.409709,0.8893903,1.37E-06,0.001501642,0.07214094,0,0,0,0,0,0,0,0,0,0,0,0,0
2034,0.04754132,0.00149783,0.1819603,0.6520055,0.3481325,0.724362,0.9844453,1.360434,0.001532048,3.2141,0.004068278,8.856506,6.631388,0.01563174,0.9499311,19.47855,0.001523198,1.624934,2.572659,3.695074,10.64958,31.70926,10.22268,5.424025,0.7109079,2.268801,9.766702,0.1987813,197.2497,RCP4.5,Dec,BSAP,5.04E-04,3.53E-06,0.05036002,0.001594552,0.05055827,0.07619156,0.00588445,0.1251376,5.24E-04,0.02376512,6.95E-07,2.24731,0.8713356,1.39E-06,0.001496895,0.06989616,0,0,0,0,0,0,0,0,0,0,0,0,0
2035,0.04797233,0.001667233,0.1831224,0.5641927,0.3227125,0.7072746,0.9597476,1.274772,0.001496967,2.966378,0.004144518,8.752068,6.17653,0.0161759,0.9307106,18.82686,0.001712024,1.688977,2.522741,4.132862,10.46246,31.11501,10.32929,6.054627,1.94202,2.30637,10.14845,0.1925154,202.9645,RCP4.5,Dec,BSAP,5.08E-04,3.93E-06,0.05068162,0.001379796,0.04686661,0.07439425,0.005736822,0.1172581,5.12E-04,0.02193346,7.08E-07,2.220809,0.8115693,1.44E-06,0.001466608,0.06755765,0,0,0,0,0,0,0,0,0,0,0,0,0
2036,0.04807064,0.001806177,0.1805421,0.6185654,0.2993518,0.6731915,1.193244,1.221305,0.001477052,3.046212,0.004644282,10.37432,7.120487,0.01816047,1.027237,19.28327,0.002119217,2.085178,2.807152,4.453482,11.54876,31.88632,11.60241,6.966013,2.721349,2.318161,11.30164,0.1063268,223.1035,RCP4.5,Dec,BSAP,5.09E-04,4.26E-06,0.04996751,0.001512771,0.043474,0.07080923,0.007132532,0.11234,5.05E-04,0.02252375,7.93E-07,2.632451,0.9356011,1.61E-06,0.001618714,0.06919539,0,0,0,0,0,0,0,0,0,0,0,0,0
2037,0.04874617,0.001963341,0.1962303,0.694563,0.3093317,0.6794326,1.096912,1.262162,0.001461574,3.242779,0.004713241,8.843627,7.024816,0.01828988,1.057136,20.08371,0.001466579,1.62235,2.756935,4.160751,11.41199,32.41064,10.36304,5.195969,2.585588,2.195916,9.76169,0.09091877,196.6806,RCP4.5,Dec,BSAP,5.17E-04,4.63E-06,0.05430944,0.001698631,0.04492335,0.07146571,0.006556708,0.1160981,5.00E-04,0.02397717,8.05E-07,2.244042,0.9230302,1.63E-06,0.001665828,0.07206767,0,0,0,0,0,0,0,0,0,0,0,0,0
2038,0.04910111,0.002113466,0.1945219,0.6024006,0.3087964,0.6950202,1.059179,1.278959,0.001438233,3.258718,0.004661715,10.65763,7.595115,0.01796222,1.073237,20.07173,0.002731783,2.444149,2.924217,4.119208,12.05555,32.76238,12.8722,8.595862,2.332917,2.151143,12.92143,0.05418989,249.3665,RCP4.5,Dec,BSAP,5.20E-04,4.98E-06,0.0538366,0.001473238,0.04484561,0.07310528,0.006331167,0.1176432,4.92E-04,0.02409503,7.96E-07,2.704339,0.997965,1.60E-06,0.0016912,0.07202469,0,0,0,0,0,0,0,0,0,0,0,0,0
2039,0.04951383,0.002241582,0.2164568,0.7473698,0.3121288,0.6771613,1.396717,1.339206,0.001450959,3.96874,0.005368911,12.45442,9.598216,0.02068778,1.260729,22.26458,0.002173043,2.342415,3.401604,4.22064,13.96351,35.44811,12.98643,6.729733,2.138648,2.266859,11.82166,0.1195821,236.7858,RCP4.5,Dec,BSAP,5.25E-04,5.29E-06,0.05990739,0.001827776,0.04532957,0.0712268,0.008348775,0.1231849,4.97E-04,0.02934494,9.17E-07,3.16027,1.261164,1.84E-06,0.001986648,0.07989344,0,0,0,0,0,0,0,0,0,0,0,0,0
2040,0.05109736,0.002435362,0.2444512,0.7690671,0.3896781,0.7446049,1.058943,1.459661,0.001436222,4.131989,0.004882104,9.122701,8.536306,0.01872046,1.148029,22.75221,0.001794698,1.718117,2.857681,3.900879,12.30987,35.05023,11.59511,6.131653,2.311785,2.168816,11.17112,0.01501511,220.0226,RCP4.5,Dec,BSAP,5.41E-04,5.74E-06,0.06765524,0.00188084,0.05659182,0.07832081,0.006329754,0.1342649,4.91E-04,0.03055201,8.34E-07,2.314856,1.121634,1.66E-06,0.001809057,0.08164323,0,0,0,0,0,0,0,0,0,0,0,0,0
2041,0.05182705,0.00260178,0.228779,0.6971384,0.3993504,0.7706961,0.9233677,1.544959,0.001410552,3.827689,0.004107848,9.389718,7.845982,0.01509998,1.028167,21.58049,0.001767666,1.688462,2.647649,2.405782,11.18701,33.81041,11.06783,6.100338,4.202404,1.266338,10.92576,1.76E-05,213.7029,RCP4.5,Dec,BSAP,5.49E-04,6.14E-06,0.06331774,0.00170493,0.05799651,0.0810652,0.005519363,0.1421108,4.83E-04,0.028302,7.02E-07,2.382611,1.030928,1.34E-06,0.001620179,0.07743867,0,0,0,0,0,0,0,0,0,0,0,0,0
2042,0.05240016,0.002749474,0.214986,0.6410225,0.3913093,0.7687421,0.8625815,1.441863,0.001383701,3.420979,0.003574882,9.136533,7.332069,0.01307443,0.9494569,19.91588,0.001696693,1.643253,2.58208,2.543888,10.78574,32.81359,10.76608,5.916915,7.777323,1.499425,10.53798,4.31E-09,207.29,RCP4.5,Dec,BSAP,5.55E-04,6.48E-06,0.05950034,0.001567692,0.05682872,0.08085966,0.005156019,0.1326277,4.74E-04,0.02529478,6.11E-07,2.318366,0.9634021,1.16E-06,0.001496148,0.07146544,0,0,0,0,0,0,0,0,0,0,0,0,0
2043,0.05252866,0.002862455,0.2044197,0.626475,0.3455185,0.7304783,1.100037,1.280854,0.001368547,3.306407,0.003974285,11.05497,8.126468,0.01474362,1.019809,19.63263,0.002521971,2.304673,2.941941,3.065146,12.13294,33.42458,12.7746,7.991245,10.62405,1.43322,12.57701,1.05E-12,243.5807,RCP4.5,Dec,BSAP,5.57E-04,6.75E-06,0.05657597,0.001532115,0.05017865,0.07683492,0.006575388,0.1178175,4.68E-04,0.02444764,6.79E-07,2.805163,1.067783,1.31E-06,0.001607009,0.07044902,0,0,0,0,0,0,0,0,0,0,0,0,0
2044,0.0529392,0.002972887,0.2237624,0.7728632,0.3202008,0.7055812,1.27431,1.262362,0.001375746,3.785306,0.004560649,11.80537,9.538202,0.01686378,1.182517,21.30592,0.002267289,2.260143,3.314162,2.754796,13.6157,35.65348,13.07205,7.073138,13.62171,1.002228,12.17256,2.57E-16,240.2155,RCP4.5,Dec,BSAP,5.61E-04,7.01E-06,0.0619293,0.001890123,0.04650183,0.07421612,0.007617093,0.1161165,4.71E-04,0.02798863,7.79E-07,2.995576,1.253278,1.50E-06,0.001863402,0.0764534,0,0,0,0,0,0,0,0,0,0,0,0,0
2045,0.05403181,0.003124682,0.2491665,0.7582191,0.3640735,0.749039,1.045398,1.361283,0.001363845,3.992245,0.004330046,9.964551,8.723223,0.01586982,1.141345,21.94321,0.001990549,1.913507,3.013457,3.002973,12.31744,35.77278,12.12486,6.552235,15.10094,1.202724,11.51658,6.68E-20,227.9557,RCP4.5,Dec,BSAP,5.73E-04,7.37E-06,0.06896025,0.001854309,0.05287333,0.0787872,0.006248793,0.1252156,4.67E-04,0.02951874,7.40E-07,2.528473,1.146194,1.41E-06,0.001798524,0.07874022,0,0,0,0,0,0,0,0,0,0,0,0,0
2046,0.05480881,0.003265867,0.239398,0.7351078,0.3867574,0.7749665,0.9094343,1.443102,0.001334954,3.759111,0.003854887,8.847482,6.918182,0.01374669,1.018696,21.04628,0.001553927,1.578071,2.622549,2.531389,10.3987,34.28257,10.43804,5.495373,15.90718,0.8238819,10.01087,1.00E-20,200.6993,RCP4.5,Dec,BSAP,5.81E-04,7.70E-06,0.06625669,0.001797788,0.05616766,0.08151437,0.005436078,0.1327417,4.57E-04,0.02779493,6.58E-07,2.24502,0.9090191,1.22E-06,0.001605254,0.07552173,0,0,0,0,0,0,0,0,0,0,0,0,0
2047,0.05509615,0.003386391,0.2130748,0.5869325,0.3794881,0.7763805,0.7353062,1.359447,0.001285735,3.066839,0.003119625,8.078382,5.110609,0.01068698,0.8621151,18.51013,0.001426663,1.446623,2.277933,2.330889,8.557843,31.75371,9.224553,5.307858,18.23596,0.6978827,9.176601,1.00E-20,184.4079,RCP4.5,Dec,BSAP,5.84E-04,7.99E-06,0.05897136,0.001435409,0.05511197,0.08166309,0.004395239,0.1250468,4.40E-04,0.02267626,5.33E-07,2.049864,0.6715117,9.50E-07,0.001358515,0.06642111,0,0,0,0,0,0,0,0,0,0,0,0,0
2048,0.05463988,0.003452329,0.1866346,0.5454535,0.3126176,0.7179592,0.8805049,1.19723,0.001238141,2.607611,0.003109346,9.741285,4.896637,0.01056501,0.8657292,16.78687,0.002092592,2.031788,2.4607,2.60048,8.645731,30.83427,10.49793,6.995638,19.41992,0.7394484,10.53859,1.00E-20,208.7642,RCP4.5,Dec,BSAP,5.79E-04,8.14E-06,0.05165367,0.001333967,0.04540055,0.07551809,0.005263155,0.1101255,4.24E-04,0.01928072,5.31E-07,2.47182,0.6433968,9.39E-07,0.00136421,0.06023741,0,0,0,0,0,0,0,0,0,0,0,0,0
2049,0.05416295,0.003495311,0.1833975,0.6135754,0.2692786,0.6551601,1.13776,1.085694,0.001215604,2.716537,0.003467437,10.92165,5.695764,0.01172617,1.005253,17.15411,0.002103843,2.240618,2.87007,2.901936,10.00657,32.04671,11.13664,6.750925,19.37658,0.8111766,10.57419,1.00E-20,212.2883,RCP4.5,Dec,BSAP,5.74E-04,8.24E-06,0.05075777,0.001500567,0.03910656,0.06891262,0.006800876,0.09986598,4.16E-04,0.02008612,5.92E-07,2.771333,0.7483986,1.04E-06,0.001584071,0.0615552,0,0,0,0,0,0,0,0,0,0,0,0,0
2050,0.05405533,0.00355316,0.191066,0.6628255,0.2844615,0.6438305,1.220529,1.126884,0.001199263,3.000764,0.004239048,11.17414,6.611166,0.01542533,1.120333,18.30168,0.002498197,2.499844,3.085622,4.221411,11.11217,33.43282,12.30306,7.809042,16.70008,1.575143,11.8172,1.00E-20,234.132,RCP4.5,Dec,BSAP,5.73E-04,8.38E-06,0.05288014,0.001621014,0.04131152,0.06772091,0.007295625,0.1036548,4.10E-04,0.0221877,7.24E-07,2.835402,0.8686785,1.37E-06,0.001765413,0.06567311,0,0,0,0,0,0,0,0,0,0,0,0,0
2051,0.05395435,0.003604778,0.2103792,0.7432008,0.303129,0.6370906,1.509019,1.312708,0.001202596,3.679197,0.005258573,13.40971,8.488304,0.01960316,1.324221,20.71788,0.002981671,2.947848,3.569445,3.938422,13.39781,36.26311,14.17064,8.851615,13.38508,1.304369,13.32434,1.00E-20,262.0621,RCP4.5,Dec,BSAP,5.72E-04,8.50E-06,0.05822533,0.001817581,0.04402256,0.06701198,0.00902005,0.1207476,4.12E-04,0.02720405,8.98E-07,3.402672,1.115326,1.74E-06,0.002086698,0.07434329,0,0,0,0,0,0,0,0,0,0,0,0,0
2052,0.05483289,0.003705576,0.2522154,0.8667437,0.3884853,0.6841938,1.334226,1.502173,0.001209392,4.362868,0.005045315,11.55656,9.068978,0.01846493,1.34572,22.81659,0.002210909,2.254687,3.392199,2.956291,13.73909,38.01467,12.87138,6.833708,12.75153,1.071805,11.74766,1.00E-20,234.9957,RCP4.5,Dec,BSAP,5.81E-04,8.74E-06,0.06980405,0.002119719,0.05641859,0.07196651,0.007975237,0.1381752,4.14E-04,0.03225913,8.62E-07,2.93244,1.191624,1.64E-06,0.002120577,0.08187422,0,0,0,0,0,0,0,0,0,0,0,0,0
2053,0.05599964,0.003838251,0.2550097,0.7284238,0.4405043,0.7562106,0.8137297,1.636968,0.00118519,4.008395,0.003917041,7.737038,6.074814,0.01411125,1.046092,21.71018,0.001197045,1.366326,2.560855,2.845369,10.47977,35.35101,9.366319,4.549601,12.80641,1.263747,8.899512,1.00E-20,180.9013,RCP4.5,Dec,BSAP,5.93E-04,9.05E-06,0.07057744,0.001781442,0.06397317,0.07954154,0.00486401,0.1505741,4.06E-04,0.02963815,6.69E-07,1.963249,0.7982042,1.25E-06,0.001648425,0.07790405,0,0,0,0,0,0,0,0,0,0,0,0,0
2054,0.0559535,0.003923529,0.2090551,0.5336238,0.3933417,0.7612231,0.6917186,1.497132,0.001134809,2.958824,0.003039159,7.854402,4.148529,0.0104737,0.8113146,18.20833,0.001532169,1.456003,2.09855,2.460275,8.235767,31.50619,8.760615,5.732062,14.39781,0.8845951,9.186211,1.00E-20,182.3746,RCP4.5,Dec,BSAP,5.93E-04,9.25E-06,0.05785887,0.001305037,0.05712388,0.08006877,0.004134697,0.1377115,0.000388341,0.0218776,5.19E-07,1.993029,0.5450987,9.31E-07,0.001278464,0.06533813,0,0,0,0,0,0,0,0,0,0,0,0,0
2055,0.05522821,0.003951005,0.1782297,0.508613,0.2912467,0.69061,0.8719489,1.20057,0.001095205,2.440514,0.003078709,9.157807,4.214187,0.01062992,0.8174129,16.41541,0.001614742,1.74014,2.287072,2.932633,8.417651,30.29353,9.208506,5.708771,16.12691,1.11789,9.176323,1.00E-20,184.3984,RCP4.5,Dec,BSAP,5.85E-04,9.32E-06,0.0493275,0.00124387,0.04229692,0.0726414,0.005212011,0.1104327,3.75E-04,0.01804521,5.26E-07,2.323765,0.5537259,9.45E-07,0.001288074,0.0589045,0,0,0,0,0,0,0,0,0,0,0,0,0
2056,0.05469655,0.003971551,0.1660683,0.5280202,0.2540927,0.6433525,0.9090123,1.051449,0.001059319,2.229506,0.003353502,8.590735,4.201988,0.01177109,0.8534982,15.82053,0.001591601,1.752441,2.389258,3.299803,8.521603,29.81362,9.166569,5.678594,15.71025,1.151405,9.15065,1.00E-20,183.9528,RCP4.5,Dec,BSAP,5.80E-04,9.37E-06,0.04596168,0.001291332,0.03690115,0.06767064,0.005433555,0.09671601,3.63E-04,0.01648501,5.73E-07,2.179871,0.5521229,1.05E-06,0.001344937,0.05676982,0,0,0,0,0,0,0,0,0,0,0,0,0
2057,0.05405982,0.003981472,0.1591496,0.529093,0.2356982,0.610871,0.9096172,1.032251,0.001025237,2.150794,0.003409036,8.83336,4.28792,0.0117555,0.88695,15.58701,0.001659272,1.829329,2.460814,2.938755,8.647821,29.65433,9.306494,5.856326,15.86317,0.8782908,9.358174,1.00E-20,187.3093,RCP4.5,Dec,BSAP,5.73E-04,9.39E-06,0.04404683,0.001293956,0.03422977,0.06425409,0.005437172,0.09495015,3.51E-04,0.01590301,5.82E-07,2.241437,0.5634139,1.04E-06,0.00139765,0.05593187,0,0,0,0,0,0,0,0,0,0,0,0,0
2058,0.05329828,0.00397929,0.1604428,0.5521497,0.2386582,0.584974,1.127122,1.01487,0.001007419,2.339793,0.003807058,11.68239,5.561114,0.01331074,1.039266,16.15205,0.002828444,2.796985,3.021691,2.978997,10.82102,31.34294,12.39189,8.717107,16.12203,0.9257346,12.261,1.00E-20,239.3696,RCP4.5,Dec,BSAP,5.65E-04,9.39E-06,0.04440476,0.001350344,0.03465964,0.06153013,0.006737288,0.09335137,3.45E-04,0.01730048,6.50E-07,2.96437,0.7307062,1.18E-06,0.001637669,0.05795945,0,0,0,0,0,0,0,0,0,0,0,0,0
2059,0.05325352,0.003992374,0.1948593,0.6707644,0.2616147,0.583097,1.174851,1.124949,0.001007905,2.912201,0.004188935,10.82008,5.987455,0.01484921,1.152218,18.00958,0.001527864,2.040547,3.191958,2.770427,11.61613,33.48582,10.27516,5.028509,16.3076,0.8508083,9.186807,1.00E-20,189.5319,RCP4.5,Dec,BSAP,5.64E-04,9.42E-06,0.05392997,0.001640429,0.03799354,0.06133269,0.007022589,0.1034768,3.45E-04,0.02153287,7.16E-07,2.74556,0.7867256,1.32E-06,0.001815657,0.06462494,0,0,0,0,0,0,0,0,0,0,0,0,0
2060,0.05359937,0.004050365,0.1962839,0.5468907,0.295691,0.6351911,0.7072009,1.214487,9.71E-04,2.621745,0.003209744,7.432347,4.236989,0.0108791,0.8886518,16.91803,0.001382577,1.436303,2.312059,2.614546,8.639007,31.25464,8.574124,5.336769,17.67435,0.8005019,8.909212,1.00E-20,178.2075,RCP4.5,Dec,BSAP,5.68E-04,9.55E-06,0.05432424,0.001337482,0.04294234,0.06681219,0.004227243,0.1117128,3.32E-04,0.01938523,5.48E-07,1.885934,0.5567218,9.67E-07,0.001400332,0.06070806,0,0,0,0,0,0,0,0,0,0,0,0,0
2061,0.05277603,0.004049639,0.1733027,0.4877802,0.2647192,0.6080874,0.9273131,1.12723,9.41E-04,2.43919,0.003379937,10.84134,4.88189,0.01152742,0.9325479,16.18759,0.002437374,2.461807,2.69652,2.839514,9.233673,31.23724,11.20339,7.825533,18.24052,0.7834873,11.27414,1.00E-20,221.6464,RCP4.5,Dec,BSAP,5.59E-04,9.55E-06,0.04796389,0.001192921,0.03844441,0.0639613,0.005542947,0.1036867,3.22E-04,0.01803542,5.77E-07,2.750956,0.641459,1.02E-06,0.001469503,0.05808698,0,0,0,0,0,0,0,0,0,0,0,0,0
2062,0.05240966,0.0040478,0.1893281,0.6470809,0.2670575,0.5851974,1.346351,1.068239,9.35E-04,2.924994,0.004157074,12.3441,6.729318,0.01468583,1.15343,17.67051,0.002474175,2.679101,3.300164,2.919519,11.15122,33.84286,12.46892,7.552657,18.15466,0.8137698,11.60824,1.00E-20,232.3229,RCP4.5,Dec,BSAP,5.55E-04,9.55E-06,0.05239916,0.001582509,0.03878399,0.06155362,0.008047712,0.09826038,3.20E-04,0.02162746,7.10E-07,3.132277,0.884203,1.31E-06,0.001817568,0.06340823,0,0,0,0,0,0,0,0,0,0,0,0,0
2063,0.05293575,0.004100437,0.2179179,0.7207189,0.3184496,0.6281058,1.063927,1.229318,9.20E-04,3.253934,0.003935263,9.904178,7.206625,0.01375017,1.145258,18.71557,0.00189565,1.997258,3.041178,2.214222,10.21981,34.76746,11.37406,6.225628,19.77194,0.3456175,10.67781,1.00E-20,214.859,RCP4.5,Dec,BSAP,5.61E-04,9.67E-06,0.06031175,0.001762598,0.04624751,0.06606692,0.006359548,0.1130771,3.15E-04,0.02405965,6.72E-07,2.513153,0.9469191,1.22E-06,0.00180469,0.06715828,0,0,0,0,0,0,0,0,0,0,0,0,0
2064,0.05307553,0.004145781,0.2135534,0.6301961,0.32851,0.6549635,1.027108,1.297745,8.96E-04,3.28971,0.003678679,11.38443,7.957345,0.0129609,1.126705,18.53456,0.002665301,2.516719,3.158338,2.309799,9.52138,35.37458,13.22159,8.30725,22.05387,0.5368387,12.77861,1.00E-20,251.4407,RCP4.5,Dec,BSAP,5.62E-04,9.78E-06,0.05910385,0.001541215,0.04770854,0.06889193,0.006139464,0.1193712,3.07E-04,0.02432418,6.28E-07,2.888763,1.04556,1.15E-06,0.001775455,0.06650875,0,0,0,0,0,0,0,0,0,0,0,0,0
2065,0.05348206,0.004185988,0.2300209,0.7468546,0.3447216,0.6586635,1.242252,1.288583,8.81E-04,3.701187,0.004069066,11.64078,9.152019,0.01457649,1.227692,19.51047,0.00214622,2.275021,3.403252,2.576164,9.6545,37.34356,13.0099,6.72286,21.89005,0.5613191,11.73896,1.00E-20,237.3667,RCP4.5,Dec,BSAP,5.67E-04,9.87E-06,0.06366145,0.001826516,0.05006292,0.06928111,0.007425473,0.1185285,3.02E-04,0.02736665,6.95E-07,2.953811,1.202535,1.30E-06,0.001934588,0.07001066,0,0,0,0,0,0,0,0,0,0,0,0,0
2066,0.05433981,0.004266044,0.2417009,0.692924,0.3784237,0.7026202,1.036653,1.322349,8.53E-04,3.676058,0.003795425,10.23539,8.741588,0.0134696,1.153954,19.39977,0.002163165,2.062402,3.118321,2.6289,8.217146,37.25952,12.73345,7.02948,22.14334,0.5531175,11.96116,1.00E-20,239.0633,RCP4.5,Dec,BSAP,5.76E-04,1.01E-05,0.06689402,0.001694623,0.05495737,0.07390467,0.006196521,0.1216344,2.92E-04,0.02718084,6.48E-07,2.597197,1.148607,1.20E-06,0.001818392,0.06961344,0,0,0,0,0,0,0,0,0,0,0,0,0
2067,0.05493829,0.004329075,0.2365432,0.7093638,0.3678472,0.7146862,0.9827762,1.374465,8.19E-04,3.521633,0.003506479,9.404748,7.83069,0.01227188,1.0843,18.70823,0.001633307,1.740056,2.933017,2.471514,6.86898,36.61644,11.38093,5.629852,22.2391,0.4656232,10.46144,1.00E-20,213.2131,RCP4.5,Dec,BSAP,5.82E-04,1.02E-05,0.06546656,0.001734828,0.05342138,0.07517383,0.005874474,0.1264282,2.80E-04,0.02603902,5.99E-07,2.386425,1.028918,1.09E-06,0.001708632,0.06713195,0,0,0,0,0,0,0,0,0,0,0,0,0
2068,0.05520221,0.004385404,0.2191144,0.577791,0.3546623,0.7166721,0.8833418,1.266292,7.70E-04,3.058406,0.003029589,9.456859,6.874142,0.01046046,0.9910725,16.94203,0.001979747,1.886271,2.771623,2.188041,5.385053,35.26147,11.5136,6.690543,23.27405,0.2447296,11.02284,1.00E-20,221.6856,RCP4.5,Dec,BSAP,5.85E-04,1.03E-05,0.06064292,0.001413052,0.05150656,0.07538272,0.005280111,0.116478,2.63E-04,0.02261391,5.17E-07,2.399648,0.9032323,9.30E-07,0.001561725,0.06079416,0,0,0,0,0,0,0,0,0,0,0,0,0
2069,0.05498127,0.00440088,0.2103174,0.6234863,0.3028939,0.674047,1.103661,1.168653,7.22E-04,3.02466,0.003117752,11.36375,7.816701,0.01100845,1.079809,16.23173,0.002339588,2.337436,3.151854,2.09936,5.054045,36.04868,12.84541,7.421234,24.93885,0.200868,11.94104,1.00E-20,240.7921,RCP4.5,Dec,BSAP,5.83E-04,1.04E-05,0.05820821,0.001524805,0.04398841,0.07089921,0.006597055,0.1074968,2.47E-04,0.0223644,5.33E-07,2.883516,1.027081,9.78E-07,0.001701555,0.05824536,0,0,0,0,0,0,0,0,0,0,0,0,0
2070,0.05517812,0.004428346,0.2208841,0.6987147,0.3036737,0.6600077,1.219375,1.144934,6.82E-04,3.27487,0.003377742,11.49208,8.881195,0.01218901,1.188926,16.41868,0.002389659,2.380908,3.413027,2.391367,5.395831,37.76942,13.5465,7.462421,25.34334,0.3314473,12.29559,1.00E-20,248.7416,RCP4.5,Dec,BSAP,5.85E-04,1.04E-05,0.06113271,0.001708785,0.04410165,0.06942249,0.007288727,0.1053151,2.34E-04,0.02421445,5.77E-07,2.916078,1.16695,1.08E-06,0.001873502,0.05891622,0,0,0,0,0,0,0,0,0,0,0,0,0
2071,0.05585124,0.004473888,0.2377679,0.7102322,0.3319459,0.6691508,1.021263,1.222079,6.47E-04,3.348099,0.003297699,8.95287,7.49036,0.01167764,1.126736,16.45249,0.001485814,1.720218,3.096785,2.63316,5.271715,37.72989,11.15075,5.198561,24.40539,0.4173657,9.94528,1.00E-20,205.7616,RCP4.5,Dec,BSAP,5.92E-04,1.06E-05,0.06580555,0.001736952,0.04820755,0.07038421,0.006104525,0.1124111,2.22E-04,0.02475591,5.63E-07,2.271762,0.9842009,1.04E-06,0.001775502,0.05903753,0,0,0,0,0,0,0,0,0,0,0,0,0
2072,0.05585181,0.00450348,0.2175237,0.5319891,0.318472,0.6616626,0.859818,1.176045,6.04E-04,2.893938,0.002990163,9.126619,5.960623,0.01030725,0.9878507,15.29435,0.001958712,1.934197,2.787148,2.828174,4.635751,35.91669,11.0585,6.698763,23.1202,0.5191848,10.69974,1.00E-20,215.5186,RCP4.5,Dec,BSAP,5.92E-04,1.06E-05,0.06020266,0.001301039,0.04625076,0.06959657,0.005139499,0.1081768,2.07E-04,0.02139784,5.11E-07,2.315851,0.7831998,9.16E-07,0.001556649,0.0548817,0,0,0,0,0,0,0,0,0,0,0,0,0
2073,0.05525333,0.004488927,0.2038683,0.5785003,0.2791491,0.6114768,1.191635,1.061803,5.71E-04,2.930454,0.003330182,11.76162,7.112389,0.01163537,1.098229,15.35568,0.002414233,2.495198,3.217897,2.478521,5.512918,36.77285,12.66778,7.587174,22.46947,0.2564241,11.8315,1.00E-20,237.9049,RCP4.5,Dec,BSAP,5.85E-04,1.06E-05,0.05642335,0.001414787,0.04054002,0.06431783,0.007122915,0.0976684,1.95E-04,0.02166783,5.69E-07,2.984474,0.934537,1.03E-06,0.001730582,0.05510177,0,0,0,0,0,0,0,0,0,0,0,0,0
2074,0.05540816,0.00450492,0.2163318,0.7001781,0.2927773,0.6150069,1.166394,1.089228,5.50E-04,3.171087,0.003434345,10.66254,7.850438,0.01208438,1.1667,16.0425,0.002072889,2.194367,3.288853,2.445195,6.565782,37.86253,12.3533,6.64267,23.07267,0.4772163,11.23503,1.00E-20,228.1467,RCP4.5,Dec,BSAP,5.87E-04,1.06E-05,0.05987279,0.001712364,0.0425192,0.06468911,0.006972032,0.100191,1.88E-04,0.02344708,5.87E-07,2.705586,1.031514,1.07E-06,0.001838477,0.05756634,0,0,0,0,0,0,0,0,0,0,0,0,0
2075,0.05577118,0.004535668,0.2189076,0.6225705,0.3092169,0.634636,0.8848365,1.196031,5.26E-04,3.032697,0.003130852,8.299634,6.342924,0.01076254,1.038687,15.92178,0.00137853,1.605337,2.865894,2.409898,5.972168,36.66332,10.16983,5.040693,22.95526,0.321899,9.434752,1.00E-20,193.5662,RCP4.5,Dec,BSAP,5.91E-04,1.07E-05,0.06058569,0.001522566,0.04490668,0.0667538,0.005289047,0.1100152,1.80E-04,0.02242382,5.35E-07,2.106005,0.8334327,9.56E-07,0.001636756,0.05713314,0,0,0,0,0,0,0,0,0,0,0,0,0
2076,0.05543048,0.004540135,0.1964364,0.505075,0.2941558,0.622857,0.8456485,1.113474,4.94E-04,2.606802,0.002885147,9.131854,5.510206,0.00974617,0.9402072,14.82095,0.0019675,1.979127,2.727437,2.826292,5.273134,34.97824,10.76852,6.739643,22.78361,0.6369997,10.5835,1.00E-20,212.1779,RCP4.5,Dec,BSAP,5.87E-04,1.07E-05,0.05436648,0.001235217,0.0427194,0.06551483,0.005054803,0.1024213,1.69E-04,0.01927475,4.93E-07,2.317178,0.724017,8.66E-07,0.001481572,0.05318296,0,0,0,0,0,0,0,0,0,0,0,0,0
2077,0.05491577,0.004518674,0.1912643,0.5573026,0.2628052,0.5862042,1.037903,1.027015,4.69E-04,2.598259,0.003203744,9.906816,5.968349,0.010915,1.009878,14.87178,0.00172927,2.023958,2.959845,2.613436,5.753498,35.18466,10.68916,5.8607,21.7498,0.3453131,9.972068,1.00E-20,203.398,RCP4.5,Dec,BSAP,5.82E-04,1.07E-05,0.05293502,0.001362946,0.03816644,0.06165953,0.006203991,0.09446845,1.61E-04,0.01921158,5.47E-07,2.513823,0.7842152,9.70E-07,0.001591359,0.05336536,0,0,0,0,0,0,0,0,0,0,0,0,0
2078,0.05476378,0.004521489,0.1886627,0.538223,0.2639998,0.5920925,0.9049547,1.012887,4.46E-04,2.460966,0.003108176,8.763821,5.599047,0.01062781,0.97368,14.60544,0.001690544,1.832677,2.781443,3.207867,5.75936,34.478,10.31179,5.934144,20.86208,0.9544502,9.904775,1.00E-20,200.6945,RCP4.5,Dec,BSAP,5.80E-04,1.07E-05,0.052215,0.001316284,0.03833994,0.06227889,0.005409302,0.09316892,1.53E-04,0.01819643,5.31E-07,2.223791,0.7356905,9.44E-07,0.001534318,0.05240964,0,0,0,0,0,0,0,0,0,0,0,0,0
2079,0.0541001,0.004494212,0.184156,0.5541129,0.2431833,0.5681659,1.16001,1.015986,4.30E-04,2.597892,0.003678061,11.70449,6.746065,0.01287182,1.107093,15.25644,0.002750864,2.77284,3.283042,2.881392,7.616327,35.66954,12.99402,8.533648,19.08732,0.4992407,12.55107,1.00E-20,247.2998,RCP4.5,Dec,BSAP,5.73E-04,1.06E-05,0.0509677,0.001355145,0.03531681,0.05976218,0.006933874,0.09345403,1.47E-04,0.01920886,6.28E-07,2.969977,0.8864036,1.14E-06,0.00174455,0.05474566,0,0,0,0,0,0,0,0,0,0,0,0,0
2080,0.05413927,0.004487377,0.2145312,0.7104127,0.2728256,0.5731366,1.284518,1.099194,4.28E-04,3.1893,0.004002927,11.63927,8.102369,0.01411222,1.258269,17.09707,0.002116746,2.403446,3.56625,2.190439,10.0956,38.08697,12.49294,6.590804,20.85474,0.2826294,11.23605,1.00E-20,227.2399,RCP4.5,Dec,BSAP,5.74E-04,1.06E-05,0.05937444,0.001737394,0.03962168,0.06028502,0.007678114,0.1011077,1.47E-04,0.02358174,6.84E-07,2.953427,1.064616,1.25E-06,0.001982773,0.06135053,0,0,0,0,0,0,0,0,0,0,0,0,0
2081,0.05485722,0.004531355,0.2303816,0.6233143,0.3289908,0.6275553,0.7996896,1.22858,4.19E-04,3.148799,0.003320313,8.018207,6.346487,0.01143751,1.050615,17.32621,0.001357026,1.545767,2.839287,2.143516,8.843563,36.57685,9.917003,5.016942,22.92719,0.4098513,9.427994,1.00E-20,190.8997,RCP4.5,Dec,BSAP,5.81E-04,1.07E-05,0.06376126,0.001524385,0.04777838,0.06600901,0.004780087,0.1130092,1.43E-04,0.02328227,5.67E-07,2.034595,0.8339007,1.02E-06,0.001655553,0.06217276,0,0,0,0,0,0,0,0,0,0,0,0,0
2082,0.05461674,0.004538578,0.201051,0.5190696,0.3105085,0.6293113,0.7848938,1.197288,4.03E-04,2.689047,0.003011869,8.601773,5.316529,0.01015763,0.9079165,16.25352,0.001713117,1.77622,2.586737,2.636446,7.67518,34.27191,9.952693,6.117363,22.99384,0.541243,10.0137,1.00E-20,199.4868,RCP4.5,Dec,BSAP,5.79E-04,1.07E-05,0.05564362,0.001269443,0.04509425,0.06619372,0.004691646,0.1101308,1.38E-04,0.01988286,5.14E-07,2.182673,0.6985688,9.03E-07,0.001430689,0.05832356,0,0,0,0,0,0,0,0,0,0,0,0,0
2083,0.05423301,0.004528938,0.1849836,0.5379754,0.2874477,0.6072634,0.8827211,1.079093,3.89E-04,2.450134,0.003090681,8.470913,5.121092,0.01042696,0.8983219,15.72009,0.001361429,1.626047,2.585535,2.601828,7.307281,33.22963,9.324491,5.019817,22.74744,0.4154985,8.979626,1.00E-20,182.8061,RCP4.5,Dec,BSAP,5.75E-04,1.07E-05,0.05119674,0.001315679,0.0417452,0.06387462,0.005276402,0.09925882,1.33E-04,0.01811634,5.28E-07,2.149467,0.6728892,9.27E-07,0.00141557,0.05640941,0,0,0,0,0,0,0,0,0,0,0,0,0
2084,0.05367516,0.004514928,0.1738373,0.5204285,0.2554334,0.5970352,0.9610413,0.9862286,3.76E-04,2.378936,0.003443383,11.04124,6.137712,0.01187692,1.003306,15.56216,0.002981855,2.829391,3.075527,3.082586,8.193593,33.81277,13.03564,9.20489,21.76042,0.7132377,12.91896,1.00E-20,252.3545,RCP4.5,Dec,BSAP,5.69E-04,1.06E-05,0.04811186,0.001272766,0.03709585,0.06279878,0.005744555,0.09071681,1.29E-04,0.01758989,5.88E-07,2.801679,0.8064688,1.06E-06,0.001581003,0.05584268,0,0,0,0,0,0,0,0,0,0,0,0,0
2085,0.05342904,0.004490085,0.2046621,0.6535793,0.2266238,0.5755867,1.190913,1.059923,3.73E-04,3.028891,0.004180902,12.27562,7.187842,0.01466925,1.209005,17.52244,0.001669731,2.277774,3.53337,2.718217,9.595448,36.42286,11.32392,5.309011,20.28408,0.4521135,9.847158,1.00E-20,204.2414,RCP4.5,Dec,BSAP,5.66E-04,1.06E-05,0.05664303,0.001598401,0.03291192,0.06054273,0.007118598,0.09749547,1.28E-04,0.02239568,7.14E-07,3.114899,0.9444512,1.30E-06,0.001905142,0.0628769,0,0,0,0,0,0,0,0,0,0,0,0,0
2086,0.05407779,0.004533841,0.2184808,0.6182722,0.2907754,0.6355961,0.9086346,1.159672,3.60E-04,2.945778,0.003487474,9.073272,6.116756,0.0119092,1.028155,17.17308,0.002077432,1.941213,2.760503,2.966042,8.041299,34.92533,11.11037,7.046669,20.11421,0.910186,11.09539,1.00E-20,219.8472,RCP4.5,Dec,BSAP,5.73E-04,1.07E-05,0.06046754,0.001512054,0.04222848,0.06685478,0.005431297,0.1066707,1.23E-04,0.02178114,5.96E-07,2.302314,0.8037151,1.06E-06,0.00162016,0.06162328,0,0,0,0,0,0,0,0,0,0,0,0,0
2087,0.0538909,0.004535674,0.2078287,0.5728359,0.2947644,0.6284901,0.9528294,1.218443,3.51E-04,2.926867,0.003551782,9.671673,6.150959,0.01224349,1.028212,17.20295,0.001546607,1.862917,2.860046,2.57223,8.033126,34.66527,10.28506,5.344035,19.43758,0.468309,9.596955,1.00E-20,195.5209,RCP4.5,Dec,BSAP,5.71E-04,1.07E-05,0.05751942,0.001400934,0.04280777,0.06610736,0.005695469,0.1120767,1.20E-04,0.02164131,6.07E-07,2.454156,0.8082094,1.09E-06,0.00162025,0.06173044,0,0,0,0,0,0,0,0,0,0,0,0,0
2088,0.05391066,0.004550548,0.1958306,0.5460643,0.3032243,0.6371742,0.9166441,1.156798,3.39E-04,2.68382,0.003412206,9.259517,5.733395,0.01189453,0.9646072,16.44372,0.002065473,2.025701,2.705985,3.437748,8.083646,33.6509,10.9396,6.950662,18.75354,1.224159,10.8327,1.00E-20,214.9356,RCP4.5,Dec,BSAP,5.71E-04,1.07E-05,0.05419881,0.001335461,0.04403639,0.06702078,0.005479174,0.1064065,1.16E-04,0.01984421,5.83E-07,2.349573,0.7533432,1.06E-06,0.001520021,0.05900605,0,0,0,0,0,0,0,0,0,0,0,0,0
2089,0.05356033,0.004536381,0.192789,0.5769094,0.2719802,0.607868,1.119607,1.124022,3.34E-04,2.807158,0.003986387,10.39167,6.286064,0.01418698,1.058393,17.19446,0.001860209,2.12334,2.991278,3.235573,9.41628,34.32467,10.92178,6.161556,16.50456,0.8831506,10.32907,1.00E-20,207.6148,RCP4.5,Dec,BSAP,5.68E-04,1.07E-05,0.05335701,0.001410896,0.03949889,0.06393822,0.006692369,0.1033915,1.14E-04,0.02075618,6.81E-07,2.636854,0.8259615,1.26E-06,0.001667809,0.06169999,0,0,0,0,0,0,0,0,0,0,0,0,0
2090,0.05381265,0.004559229,0.1935901,0.5901501,0.2899692,0.6307577,0.8499269,1.162414,3.26E-04,2.703678,0.003486501,7.931303,5.305181,0.01207306,0.9582829,17.03322,0.001347704,1.520011,2.56769,2.722644,8.896991,33.15522,9.262547,5.020492,17.01687,0.8138469,9.027894,1.00E-20,182.2206,RCP4.5,Dec,BSAP,5.70E-04,1.08E-05,0.05357873,0.001443278,0.04211139,0.06634586,0.005080377,0.106923,1.12E-04,0.01999105,5.96E-07,2.012543,0.6970777,1.07E-06,0.001510056,0.06112139,0,0,0,0,0,0,0,0,0,0,0,0,0
2091,0.05342366,0.004557892,0.1739252,0.4931265,0.2753907,0.6256823,0.7999329,1.113394,3.16E-04,2.363032,0.00324141,8.43331,4.620961,0.01120907,0.8734229,16.0893,0.001638338,1.72412,2.432578,3.150737,8.625096,31.56211,9.33998,5.921878,16.40318,1.107254,9.5619,1.00E-20,189.7561,RCP4.5,Dec,BSAP,5.66E-04,1.07E-05,0.04813617,0.001205996,0.03999419,0.06581201,0.004781541,0.1024139,1.08E-04,0.0174723,5.54E-07,2.139925,0.6071742,9.96E-07,0.001376334,0.05773428,0,0,0,0,0,0,0,0,0,0,0,0,0
2092,0.05282946,0.004533439,0.1652841,0.5367932,0.25012,0.5944881,0.9875131,1.047636,3.11E-04,2.32844,0.003524479,9.67629,5.123477,0.01225565,0.9360479,16.20138,0.001847699,2.003992,2.667388,2.77376,9.900678,31.61075,10.09682,6.282694,16.36785,0.7536359,10.03726,1.00E-20,198.9784,RCP4.5,Dec,BSAP,5.60E-04,1.07E-05,0.04574464,0.001312788,0.0363242,0.06253088,0.005902788,0.0963653,1.06E-04,0.01721653,6.02E-07,2.455328,0.6732027,1.09E-06,0.001475018,0.05813645,0,0,0,0,0,0,0,0,0,0,0,0,0
2093,0.05246687,0.004519201,0.1688962,0.5865205,0.2599981,0.5890124,1.094505,1.045568,3.09E-04,2.527826,0.003844671,10.77176,6.300941,0.01360629,1.044457,17.10356,0.002339425,2.372589,2.992039,2.949955,11.7083,32.75958,11.65581,7.469196,17.20385,0.9442596,11.45475,1.00E-20,224.5976,RCP4.5,Dec,BSAP,5.56E-04,1.07E-05,0.04674434,0.001434401,0.03775878,0.0619549,0.006542324,0.0961751,1.06E-04,0.0186908,6.57E-07,2.733299,0.8279163,1.21E-06,0.001645848,0.06137379,0,0,0,0,0,0,0,0,0,0,0,0,0
2094,0.05264224,0.00452131,0.1911492,0.6590919,0.2763359,0.6025251,1.082191,1.175218,3.09E-04,2.887803,0.004193927,9.387143,6.565567,0.01522989,1.094055,18.58103,0.00154566,1.859138,3.011198,3.351652,11.96106,33.73224,10.33544,5.309819,16.04115,1.189651,9.716801,1.00E-20,195.6203,RCP4.5,Dec,BSAP,5.58E-04,1.07E-05,0.05290315,0.001611883,0.04013146,0.06337623,0.006468715,0.1081007,1.06E-04,0.02135248,7.16E-07,2.381958,0.8626869,1.35E-06,0.001724005,0.06667552,0,0,0,0,0,0,0,0,0,0,0,0,0
2095,0.0529153,0.004549429,0.1902226,0.5475183,0.3055012,0.6403163,0.7903818,1.230407,3.02E-04,2.709131,0.003688249,7.505327,5.134418,0.01327233,0.9250734,18.07018,0.001302748,1.416064,2.437685,3.262183,9.905629,31.95776,8.89659,5.056792,15.22208,1.136515,9.054641,1.00E-20,180.2006,RCP4.5,Dec,BSAP,5.61E-04,1.07E-05,0.05264672,0.001339017,0.04436706,0.06735127,0.00472445,0.1131772,1.03E-04,0.02003137,6.30E-07,1.904452,0.6746404,1.18E-06,0.001457725,0.0648424,0,0,0,0,0,0,0,0,0,0,0,0,0
2096,0.05238917,0.004540271,0.1722757,0.5247663,0.2838065,0.6277188,0.9734098,1.17469,2.97E-04,2.559361,0.003704685,10.24259,5.824942,0.01314087,0.9468641,17.50636,0.002353108,2.247436,2.682818,2.945695,10.71271,31.68062,11.29652,7.682135,15.17453,0.9258521,11.5336,1.00E-20,223.8748,RCP4.5,Dec,BSAP,5.55E-04,1.07E-05,0.04767968,0.001283374,0.0412164,0.06602622,0.005818488,0.1080521,1.02E-04,0.01892396,6.33E-07,2.599026,0.7653721,1.17E-06,0.001492062,0.06281921,0,0,0,0,0,0,0,0,0,0,0,0,0
2097,0.0520064,0.004523376,0.187489,0.6700681,0.2711136,0.6065238,1.4395,1.115024,3.01E-04,3.120685,0.004568291,13.54365,8.720979,0.01672035,1.212531,19.41591,0.002872743,2.867613,3.520276,3.010051,14.11671,34.88963,13.95179,8.573125,15.14322,1.046638,13.17326,1.00E-20,257.3796,RCP4.5,Dec,BSAP,5.51E-04,1.07E-05,0.05189015,0.001638727,0.03937304,0.06379683,0.008604509,0.1025639,1.03E-04,0.0230744,7.80E-07,3.436659,1.145899,1.49E-06,0.001910698,0.06967135,0,0,0,0,0,0,0,0,0,0,0,0,0
2098,0.05273543,0.004560064,0.2392299,0.8639111,0.3224429,0.6488808,1.583403,1.310832,3.07E-04,4.12835,0.005484335,13.49302,11.97311,0.02073091,1.442467,22.8475,0.0030638,2.888287,3.93576,3.814689,16.44702,38.80677,15.68553,9.017632,13.85375,1.557965,14.61388,1.00E-20,284.1812,RCP4.5,Dec,BSAP,5.59E-04,1.08E-05,0.06621016,0.002112791,0.04682745,0.06825214,0.009464678,0.120575,1.05E-04,0.0305251,9.37E-07,3.423811,1.573215,1.84E-06,0.00227303,0.08198515,0,0,0,0,0,0,0,0,0,0,0,0,0
2099,0.05422819,0.004643814,0.2963096,0.9417572,0.3978383,0.7219473,1.502294,1.647016,3.12E-04,5.159205,0.005824309,12.61466,13.01312,0.02201911,1.507155,26.19203,0.002565309,2.435359,3.861022,3.558841,16.56779,41.49766,15.18345,7.758636,12.55551,1.362052,13.88415,1.00E-20,272.4778,RCP4.5,Dec,BSAP,5.75E-04,1.10E-05,0.08200774,0.002303173,0.05777691,0.07593757,0.008979856,0.1514984,1.07E-04,0.03814726,9.95E-07,3.200929,1.709868,1.96E-06,0.002374964,0.09398655,0,0,0,0,0,0,0,0,0,0,0,0,0
